Sample,Block,TimePt,Warming,Fragmentation,Position,SampleControl,Date collected,Date analyzed,Calibration Date (most recent),Calibration Curve slope,Temperature ( C) lab,Pressure (kPa) lab,_mol / ml,Peak Height,Peak Area (sample) - Ethylene,_mol,_mol (calc),_mol / injection,Control,Blank,ARA (_mol/ml),ARA (_mol路m-2路d-1),ARA* (_mol/ml),ARA* (_mol路m-2路d-1)
11C-C2.1,1,1,C,-,-,Control2,,02/19/2009,02/16/2009,256464600,23,99.3,40.347943,2732,15285,0.00006,0.00006,0.00006,,,0.00006,,0.00006,
11A-C2.2,1,1,A,-,-,Control2,,02/19/2009,02/16/2009,256464600,23,99.3,40.347943,2415,15597,0.000061,0.000061,0.000061,,,0.000061,,0.000061,
11A-1.0c,1,1,A,1,0,control1,,02/19/2009,02/16/2009,256464600,23,99.2,40.307311,4297,51503,0.000201,0.000201,0.000201,,,0.000201,,0.000201,
11A-1.1c,1,1,A,1,1,control1,,02/19/2009,02/16/2009,256464600,23,99.2,40.307311,5607,59039,0.00023,0.00023,0.00023,,,0.00023,,0.00023,
11A-1.0,1,1,A,1,0,Sample,,02/18/2009,02/16/2009,256464600,23,100,40.63237,107063,1177501,0.004591,0.004591,0.004591,0.000203,0.000061,0.004327,360.6,0.00453,377.5
11A-1.1,1,1,A,1,1,Sample,,02/19/2009,02/16/2009,256464600,23,99.2,40.307311,76986,735990,0.00287,0.00287,0.00287,0.00023,0.000061,0.002579,214.9,0.002809,234.1
11A-1.S,1,1,A,1,S,Sample,,02/19/2009,02/16/2009,256464600,23,99.2,40.307311,18663,164152,0.00064,0.00064,0.00064,0.000216,0.000061,0.000364,30.3,0.000579,48.3
11A-1.E,1,1,A,1,E,Sample,,02/19/2009,02/16/2009,256464600,23,99.2,40.307311,290478,2942126,0.011472,0.011472,0.011472,0.000216,0.000061,0.011196,933,0.011411,950.9
11A-2.0c,1,1,A,2,0,control1,,02/19/2009,02/16/2009,256464600,23,99.3,40.347943,4340,45581,0.000178,0.000178,0.000178,,,0.000178,,0.000178,
11A-2.1c,1,1,A,2,1,control1,,02/19/2009,02/16/2009,256464600,23,99.3,40.347943,4005,41450,0.000162,0.000162,0.000162,,,0.000162,,0.000162,
11A-2.0,1,1,A,2,0,Sample,,02/19/2009,02/16/2009,256464600,23,99.3,40.347943,49581,489481,0.001909,0.001909,0.001909,0.000178,0.000061,0.00167,139.2,0.001848,154
11A-2.1,1,1,A,2,1,Sample,,02/19/2009,02/16/2009,256464600,23,99.3,40.347943,77261,762896,0.002975,0.002975,0.002975,0.000162,0.000061,0.002752,229.3,0.002914,242.8
11A-2.S,1,1,A,2,S,Sample,,02/19/2009,02/16/2009,256464600,23,99.3,40.347943,12076,108194,0.000422,0.000422,0.000422,0.00017,0.000061,0.000191,15.9,0.000361,30.1
11A-2.W,1,1,A,2,W,Sample,,02/19/2009,02/16/2009,256464600,23,99.3,40.347943,3514,22741,0.000089,0.000089,0.000089,0.00017,0.000061,-0.000142,-11.8,0.000028,2.3
11A-3.0c,1,1,A,3,0,control1,,02/19/2009,02/16/2009,256464600,23,99.3,40.347943,3993,40858,0.000159,0.000159,0.000159,,,0.000159,,0.000159,
11A-3.1c,1,1,A,3,1,control1,,02/19/2009,02/16/2009,256464600,23,99.3,40.347943,4010,42572,0.000166,0.000166,0.000166,,,0.000166,,0.000166,
11A-3.0,1,1,A,3,0,Sample,,02/19/2009,02/16/2009,256464600,23,99.3,40.347943,6108,45501,0.000177,0.000177,0.000177,0.000159,0.000061,-0.000043,-3.6,0.000116,9.7
11A-3.1,1,1,A,3,1,Sample,,02/19/2009,02/16/2009,256464600,23,99.3,40.347943,85933,823468,0.003211,0.003211,0.003211,0.000166,0.000061,0.002984,248.7,0.00315,262.5
11A-3.N,1,1,A,3,N,Sample,,02/19/2009,02/16/2009,256464600,23,99.3,40.347943,30239,302848,0.001181,0.001181,0.001181,0.000163,0.000061,0.000958,79.8,0.00112,93.3
11A-3.W,1,1,A,3,W,Sample,,02/19/2009,02/16/2009,256464600,23,99.3,40.347943,8439,99859,0.000389,0.000389,0.000389,0.000163,0.000061,0.000166,13.8,0.000328,27.3
11A-4.0c,1,1,A,4,0,control1,,02/19/2009,02/16/2009,256464600,23,99.4,40.388575,3956,41362,0.000161,0.000161,0.000161,,,0.000161,,0.000161,
11A-4.1c,1,1,A,4,1,control1,,02/19/2009,02/16/2009,256464600,23,99.4,40.388575,4536,64990,0.000253,0.000253,0.000253,,,0.000253,,0.000253,
11A-4.0,1,1,A,4,0,Sample,,02/19/2009,02/16/2009,256464600,23,99.4,40.388575,23356,222366,0.000867,0.000867,0.000867,0.000161,0.000061,0.000645,53.7,0.000806,67.2
11A-4.1,1,1,A,4,1,Sample,,02/19/2009,02/16/2009,256464600,23,99.4,40.388575,26327,237229,0.000925,0.000925,0.000925,0.000253,0.000061,0.000611,50.9,0.000864,72
11A-4.N,1,1,A,4,N,Sample,,02/19/2009,02/16/2009,256464600,23,99.4,40.388575,16937,150923,0.000588,0.000588,0.000588,0.000207,0.000061,0.00032,26.7,0.000527,43.9
11A-4.E,1,1,A,4,E,Sample,,02/19/2009,02/16/2009,256464600,23,99.4,40.388575,9623,130224,0.000508,0.000508,0.000508,0.000207,0.000061,0.00024,20,0.000447,37.2
11B-1.0c,1,1,B,1,0,control1,,02/23/2009,02/16/2009,256464600,23,101.2,41.119958,4233,45352,0.000177,0.000177,0.000177,,,0.000177,,0.000177,
11B-1.1c,1,1,B,1,1,control1,,02/23/2009,02/16/2009,256464600,23,101.2,41.119958,4088,45003,0.000175,0.000175,0.000175,,,0.000175,,0.000175,
11B-1.0,1,1,B,1,0,Sample,,02/23/2009,02/16/2009,256464600,23,101.2,41.119958,1980,13333,0.000052,0.000052,0.000052,0.000177,0.000062,-0.000187,-15.6,-0.00001,-0.8
11B-1.1,1,1,B,1,1,Sample,,02/23/2009,02/16/2009,256464600,23,101.2,41.119958,87158,876193,0.003416,0.003416,0.003416,0.000175,0.000062,0.003179,264.9,0.003354,279.5
11B-1.S,1,1,B,1,S,Sample,,02/23/2009,02/16/2009,256464600,23,101.2,41.119958,51441,508351,0.001982,0.001982,0.001982,0.000176,0.000062,0.001744,145.4,0.00192,160
11B-1.W,1,1,B,1,W,Sample,,02/23/2009,02/16/2009,256464600,23,101.2,41.119958,10162,93425,0.000364,0.000364,0.000364,0.000176,0.000062,0.000126,10.5,0.000302,25.2
11B-2.0c,1,1,B,2,0,control1,,02/23/2009,02/16/2009,256464600,23,101.2,41.119958,3796,40468,0.000158,0.000158,0.000158,,,0.000158,,0.000158,
11B-2.1c,1,1,B,2,1,control1,,02/23/2009,02/16/2009,256464600,23,101.2,41.119958,4116,44470,0.000173,0.000173,0.000173,,,0.000173,,0.000173,
11B-2.0,1,1,B,2,0,Sample,,02/23/2009,02/16/2009,256464600,23,101.2,41.119958,2225,15312,0.00006,0.00006,0.00006,0.000158,0.000062,-0.00016,-13.3,-0.000002,-0.1
11B-2.1,1,1,B,2,1,Sample,,02/23/2009,02/16/2009,256464600,23,101.2,41.119958,2701,19567,0.000076,0.000076,0.000076,0.000173,0.000062,-0.000159,-13.2,0.000014,1.2
11B-2.S,1,1,B,2,S,Sample,,02/23/2009,02/16/2009,256464600,23,101.2,41.119958,5908,43599,0.00017,0.00017,0.00017,0.000166,0.000062,-0.000057,-4.8,0.000108,9
11B-2.E,1,1,B,2,E,Sample,,02/23/2009,02/16/2009,256464600,23,101.2,41.119958,2646,18038,0.00007,0.00007,0.00007,0.000166,0.000062,-0.000157,-13.1,0.000008,0.7
11B-3.0c,1,1,B,3,0,control1,,02/23/2009,02/16/2009,256464600,23,101.3,41.160591,5186,60056,0.000234,0.000234,0.000234,,,0.000234,,0.000234,
11B-3.1c,1,1,B,3,1,control1,,02/23/2009,02/16/2009,256464600,23,101.3,41.160591,3287,29975,0.000117,0.000117,0.000117,,,0.000117,,0.000117,
11B-3.0,1,1,B,3,0,Sample,,02/23/2009,02/16/2009,256464600,23,101.3,41.160591,1941,12349,0.000048,0.000048,0.000048,0.000234,0.000062,-0.000248,-20.6,-0.000014,-1.1
11B-3.1,1,1,B,3,1,Sample,,02/23/2009,02/16/2009,256464600,23,101.3,41.160591,2549,18606,0.000073,0.000073,0.000073,0.000117,0.000062,-0.000106,-8.8,0.000011,0.9
11B-3.N,1,1,B,3,N,Sample,,02/23/2009,02/16/2009,256464600,23,101.3,41.160591,2875,22097,0.000086,0.000086,0.000086,0.000176,0.000062,-0.000151,-12.6,0.000024,2
11B-3.W,1,1,B,3,W,Sample,,02/23/2009,02/16/2009,256464600,23,101.3,41.160591,4794,34790,0.000136,0.000136,0.000136,0.000176,0.000062,-0.000101,-8.4,0.000074,6.2
11B-4.0c,1,1,B,4,0,control1,,02/23/2009,02/16/2009,256464600,23,101.3,41.160591,4502,48133,0.000188,0.000188,0.000188,,,0.000188,,0.000188,
11B-4.1c,1,1,B,4,1,control1,,02/23/2009,02/16/2009,256464600,23,101.3,41.160591,3696,37497,0.000146,0.000146,0.000146,,,0.000146,,0.000146,
11B-4.0,1,1,B,4,0,Sample,,02/23/2009,02/16/2009,256464600,23,101.3,41.160591,796,3252,0.000013,0.000013,0.000013,0.000188,0.000062,-0.000237,-19.7,-0.000049,-4.1
11B-4.1,1,1,B,4,1,Sample,,02/23/2009,02/16/2009,256464600,23,101.3,41.160591,1490,8630,0.000034,0.000034,0.000034,0.000146,0.000062,-0.000174,-14.5,-0.000028,-2.3
11B-4.N,1,1,B,4,N,Sample,,02/23/2009,02/16/2009,256464600,23,101.3,41.160591,3344,21504,0.000084,0.000084,0.000084,0.000167,0.000062,-0.000145,-12.1,0.000022,1.9
11B-4.E,1,1,B,4,E,Sample,,02/23/2009,02/16/2009,256464600,23,101.3,41.160591,2957,22797,0.000089,0.000089,0.000089,0.000167,0.000062,-0.00014,-11.6,0.000027,2.3
11C-1.0c,1,1,C,1,0,control1,,02/23/2009,02/16/2009,256464600,24,101.5,41.102994,4264,44934,0.000175,0.000175,0.000175,,,0.000175,,0.000175,
11C-1.1c,1,1,C,1,1,control1,,02/23/2009,02/16/2009,256464600,24,101.5,41.102994,3676,38857,0.000152,0.000152,0.000152,,,0.000152,,0.000152,
11C-1.0,1,1,C,1,0,Sample,,02/23/2009,02/16/2009,256464600,24,101.5,41.102994,2718,19204,0.000075,0.000075,0.000075,0.000175,0.000062,-0.000162,-13.5,0.000013,1.1
11C-1.1,1,1,C,1,1,Sample,,02/23/2009,02/16/2009,256464600,24,101.5,41.102994,2322,12314,0.000048,0.000048,0.000048,0.000152,0.000062,-0.000166,-13.8,-0.000014,-1.2
11C-1.N,1,1,C,1,N,Sample,,02/23/2009,02/16/2009,256464600,24,101.5,41.102994,1542,7086,0.000028,0.000028,0.000028,0.000164,0.000062,-0.000198,-16.5,-0.000034,-2.8
11C-1.W,1,1,C,1,W,Sample,,02/23/2009,02/16/2009,256464600,24,101.5,41.102994,2843,24388,0.000095,0.000095,0.000095,0.000164,0.000062,-0.000131,-10.9,0.000033,2.7
11C-2.0c,1,1,C,2,0,control1,,02/23/2009,02/16/2009,256464600,23,101.5,41.241855,4757,58474,0.000228,0.000228,0.000228,,,0.000228,,0.000228,
11C-2.1c,1,1,C,2,1,control1,,02/23/2009,02/16/2009,256464600,23,101.5,41.241855,2679,32536,0.000127,0.000127,0.000127,,,0.000127,,0.000127,
11C-2.0,1,1,C,2,0,Sample,,02/23/2009,02/16/2009,256464600,23,101.5,41.241855,7675,59047,0.00023,0.00023,0.00023,0.000228,0.000062,-0.00006,-5,0.000168,14
11C-2.1,1,1,C,2,1,Sample,,02/23/2009,02/16/2009,256464600,24,101.5,41.102994,170157,1737777,0.006776,0.006776,0.006776,0.000127,0.000062,0.006587,548.9,0.006714,559.5
11C-2.S,1,1,C,2,S,Sample,,02/23/2009,02/16/2009,256464600,24,101.6,41.143489,137174,1403319,0.005472,0.005472,0.005472,0.000177,0.000062,0.005233,436.1,0.00541,450.8
11C-2.E,1,1,C,2,E,Sample,,02/23/2009,02/16/2009,256464600,24,101.6,41.143489,102125,1027188,0.004005,0.004005,0.004005,0.000177,0.000062,0.003766,313.8,0.003943,328.6
11C-3.0c,1,1,C,3,0,control1,,02/23/2009,02/16/2009,256464600,23,101.6,41.282488,3645,35725,0.000139,0.000139,0.000139,,,0.000139,,0.000139,
11C-3.1c,1,1,C,3,1,control1,,02/23/2009,02/16/2009,256464600,23,101.6,41.282488,3741,40364,0.000157,0.000157,0.000157,,,0.000157,,0.000157,
11C-3.0,1,1,C,3,0,Sample,,02/23/2009,02/16/2009,256464600,23,101.6,41.282488,1720,9769,0.000038,0.000038,0.000038,0.000139,0.000062,-0.000163,-13.6,-0.000024,-2
11C-3.1,1,1,C,3,1,Sample,,02/23/2009,02/16/2009,256464600,23,101.6,41.282488,5680,43127,0.000168,0.000168,0.000168,0.000157,0.000062,-0.000051,-4.3,0.000106,8.8
11C-3.N,1,1,C,3,N,Sample,,02/23/2009,02/16/2009,256464600,24,101.7,41.183985,2475,14877,0.000058,0.000058,0.000058,0.000148,0.000062,-0.000152,-12.7,-0.000004,-0.4
11C-3.E,1,1,C,3,E,Sample,,02/23/2009,02/16/2009,256464600,24,101.7,41.183985,1380,5970,0.000023,0.000023,0.000023,0.000148,0.000062,-0.000187,-15.6,-0.000039,-3.3
11C-4.0c,1,1,C,4,0,control1,,02/23/2009,02/16/2009,256464600,23,101.7,41.32312,4050,42525,0.000166,0.000166,0.000166,,,0.000166,,0.000166,
11C-4.1c,1,1,C,4,1,control1,,02/23/2009,02/16/2009,256464600,23,101.7,41.32312,4382,45665,0.000178,0.000178,0.000178,,,0.000178,,0.000178,
11C-4.0,1,1,C,4,0,Sample,,02/23/2009,02/16/2009,256464600,23,101.7,41.32312,16511,154471,0.000602,0.000602,0.000602,0.000166,0.000062,0.000374,31.1,0.00054,45
11C-4.1,1,1,C,4,1,Sample,,02/23/2009,02/16/2009,256464600,23,101.7,41.32312,63238,606143,0.002363,0.002363,0.002363,0.000178,0.000062,0.002123,176.9,0.002301,191.7
11C-4.S,1,1,C,4,S,Sample,,02/23/2009,02/16/2009,256464600,23,101.7,41.32312,57398,611167,0.002383,0.002383,0.002383,0.000172,0.000062,0.002149,179,0.002321,193.4
11C-4.W,1,1,C,4,W,Sample,,02/23/2009,02/16/2009,256464600,23,101.7,41.32312,84932,888861,0.003466,0.003466,0.003466,0.000172,0.000062,0.003232,269.3,0.003404,283.6
21A-C2,2,1,A,-,-,Control2,,03/06/2009,03/02/2009,275788400,24,101.8,41.22448,1811,6967,0.000025,0.000025,0.000025,,,0.000025,,0.000025,
21A-1.0c,2,1,A,1,0,control1,,03/04/2009,03/02/2009,275788400,25,102.5,41.368661,4729,45979,0.000167,0.000167,0.000167,,,0.000167,,0.000167,
21A-1.1c,2,1,A,1,1,control1,,03/04/2009,03/02/2009,275788400,25,102.5,41.368661,4301,45919,0.000166,0.000167,0.000166,,,0.000166,,0.000166,
21A-1.0,2,1,A,1,0,Sample,,03/04/2009,03/02/2009,275788400,25,102.5,41.368661,1866,11941,0.000043,0.000043,0.000043,0.000167,0.000025,-0.000149,-12.4,0.000018,1.5
21A-1.1,2,1,A,1,1,Sample,,03/04/2009,03/02/2009,275788400,25,102.5,41.368661,1050,5748,0.000021,0.000021,0.000021,0.000166,0.000025,-0.00017,-14.2,-0.000004,-0.3
21A-1.S,2,1,A,1,S,Sample,,03/04/2009,03/02/2009,275788400,25,102.5,41.368661,1024,3050,0.000011,0.000011,0.000011,0.000167,0.000025,-0.000181,-15,-0.000014,-1.2
21A-1.E,2,1,A,1,E,Sample,,03/04/2009,03/02/2009,275788400,25,102.5,41.368661,2647,16343,0.000059,0.000059,0.000059,0.000167,0.000025,-0.000133,-11,0.000034,2.8
21A-2.0c,2,1,A,2,0,control1,,03/04/2009,03/02/2009,275788400,25,102.5,41.368661,4050,39892,0.000145,0.000145,0.000145,,,0.000145,,0.000145,
21A-2.1c,2,1,A,2,1,control1,,03/04/2009,03/02/2009,275788400,25,102.5,41.368661,3642,35972,0.00013,0.00013,0.00013,,,0.00013,,0.00013,
21A-2.0,2,1,A,2,0,Sample,,03/04/2009,03/02/2009,275788400,25,102.5,41.368661,2128,10829,0.000039,0.000039,0.000039,0.000145,0.000025,-0.000131,-10.9,0.000014,1.2
21A-2.1,2,1,A,2,1,Sample,,03/04/2009,03/02/2009,275788400,25,102.5,41.368661,1408,3892,0.000014,0.000014,0.000014,0.00013,0.000025,-0.000141,-11.8,-0.000011,-0.9
21A-2.N,2,1,A,2,N,Sample,,03/04/2009,03/02/2009,275788400,25,102.5,41.368661,1730,7480,0.000027,0.000027,0.000027,0.000138,0.000025,-0.000136,-11.3,0.000002,0.2
21A-2.E,2,1,A,2,E,Sample,,03/04/2009,03/02/2009,275788400,25,102.5,41.368661,1791,11289,0.000041,0.000041,0.000041,0.000138,0.000025,-0.000122,-10.1,0.000016,1.3
21A-3.0c,2,1,A,3,0,control1,,03/09/2009,03/02/2009,275788400,24,101.6,41.143489,4333,47779,0.000173,0.000173,0.000173,,,0.000173,,0.000173,
21A-3.1c,2,1,A,3,1,control1,,03/09/2009,03/02/2009,275788400,24,101.6,41.143489,5879,59597,0.000216,0.000216,0.000216,,,0.000216,,0.000216,
21A-3.0,2,1,A,3,0,Sample,,03/09/2009,03/02/2009,275788400,24,101.6,41.143489,8621,63410,0.00023,0.00023,0.00023,0.000173,0.000025,0.000032,2.7,0.000205,17.1
21A-3.1,2,1,A,3,1,Sample,,03/09/2009,03/02/2009,275788400,24,101.6,41.143489,3949,26584,0.000096,0.000096,0.000096,0.000216,0.000025,-0.000145,-12.1,0.000071,5.9
21A-3.N,2,1,A,3,N,Sample,,03/09/2009,03/02/2009,275788400,24,101.6,41.143489,2056,10540,0.000038,0.000038,0.000038,0.000195,0.000025,-0.000181,-15.1,0.000013,1.1
21A-3.W,2,1,A,3,W,Sample,,03/09/2009,03/02/2009,275788400,24,101.6,41.143489,1935,8320,0.00003,0.00003,0.00003,0.000195,0.000025,-0.000189,-15.8,0.000005,0.4
21A-4.0c,2,1,A,4,0,control1,,03/09/2009,03/02/2009,275788400,24,101.7,41.183985,3795,35446,0.000129,0.000129,0.000129,,,0.000129,,0.000129,
21A-4.1c,2,1,A,4,1,control1,,03/09/2009,03/02/2009,275788400,24,101.7,41.183985,4385,45589,0.000165,0.000165,0.000165,,,0.000165,,0.000165,
21A-4.0,2,1,A,4,0,Sample,,03/09/2009,03/02/2009,275788400,24,101.7,41.183985,1687,8156,0.00003,0.00003,0.00003,0.000129,0.000025,-0.000124,-10.3,0.000005,0.4
21A-4.1,2,1,A,4,1,Sample,,03/09/2009,03/02/2009,275788400,24,101.7,41.183985,2407,13512,0.000049,0.000049,0.000049,0.000165,0.000025,-0.000141,-11.7,0.000024,2
21A-4.S,2,1,A,4,S,Sample,,03/09/2009,03/02/2009,275788400,24,101.7,41.183985,2049,11884,0.000043,0.000043,0.000043,0.000147,0.000025,-0.000129,-10.7,0.000018,1.5
21A-4.W,2,1,A,4,W,Sample,,03/09/2009,03/02/2009,275788400,24,101.7,41.183985,2018,10341,0.000037,0.000037,0.000037,0.000147,0.000025,-0.000135,-11.2,0.000012,1
21B-1.0c,2,1,B,1,0,control1,,03/09/2009,03/02/2009,275788400,24,101.9,41.264976,12059,120078,0.000435,0.000435,0.000435,,,0.000435,,0.000435,
21B-1.1c,2,1,B,1,1,control1,,03/09/2009,03/02/2009,275788400,24,101.9,41.264976,4159,40078,0.000145,0.000145,0.000145,,,0.000145,,0.000145,
21B-1.0,2,1,B,1,0,Sample,,03/09/2009,03/02/2009,275788400,24,101.9,41.264976,5814,43972,0.000159,0.000159,0.000159,0.000435,0.000025,-0.000301,-25.1,0.000134,11.2
21B-1.1,2,1,B,1,1,Sample,,03/09/2009,03/02/2009,275788400,24,101.9,41.264976,7341,53025,0.000192,0.000192,0.000192,0.000145,0.000025,0.000022,1.8,0.000167,13.9
21B-1.S,2,1,B,1,S,Sample,,03/09/2009,03/02/2009,275788400,24,101.9,41.264976,27154,240973,0.000874,0.000874,0.000874,0.00029,0.000025,0.000559,46.6,0.000849,70.7
21B-1.E,2,1,B,1,E,Sample,,03/09/2009,03/02/2009,275788400,24,101.9,41.264976,4718,60788,0.00022,0.00022,0.00022,0.00029,0.000025,-0.000095,-7.9,0.000195,16.2
21B-2.0c,2,1,B,2,0,control1,,03/09/2009,03/02/2009,275788400,24,101.9,41.264976,4059,41425,0.00015,0.00015,0.00015,,,0.00015,,0.00015,
21B-2.1c,2,1,B,2,1,control1,,03/09/2009,03/02/2009,275788400,24,101.9,41.264976,8157,267272,0.000969,0.000969,0.000969,,,0.000969,,0.000969,
21B-2.0,2,1,B,2,0,Sample,,03/09/2009,03/02/2009,275788400,24,101.9,41.264976,1387,6764,0.000025,0.000025,0.000025,0.00015,0.000025,-0.00015,-12.5,0,0
21B-2.1,2,1,B,2,1,Sample,,03/09/2009,03/02/2009,275788400,24,101.9,41.264976,6087,70530,0.000256,0.000256,0.000256,0.000969,0.000025,-0.000738,-61.5,0.000231,19.2
21B-2.N,2,1,B,2,N,Sample,,03/09/2009,03/02/2009,275788400,24,101.9,41.264976,9792,77064,0.000279,0.000279,0.000279,0.00056,0.000025,-0.000306,-25.5,0.000254,21.2
21B-2.E,2,1,B,2,E,Sample,,03/09/2009,03/02/2009,275788400,24,101.9,41.264976,1171,5904,0.000021,0.000021,0.000021,0.00056,0.000025,-0.000564,-47,-0.000004,-0.3
21B-3.0c,2,1,B,3,0,control1,,03/09/2009,03/02/2009,275788400,24,101.9,41.264976,4619,49513,0.00018,0.00018,0.00018,,,0.00018,,0.00018,
21B-3.1c,2,1,B,3,1,control1,,03/09/2009,03/02/2009,275788400,24,101.9,41.264976,4298,45697,0.000166,0.000166,0.000166,,,0.000166,,0.000166,
21B-3.0,2,1,B,3,0,Sample,,03/09/2009,03/02/2009,275788400,24,101.9,41.264976,1614,8614,0.000031,0.000031,0.000031,0.00018,0.000025,-0.000174,-14.5,0.000006,0.5
21B-3.1,2,1,B,3,1,Sample,,03/09/2009,03/02/2009,275788400,24,101.9,41.264976,1617,8056,0.000029,0.000029,0.000029,0.000166,0.000025,-0.000162,-13.5,0.000004,0.3
21B-3.S,2,1,B,3,S,Sample,,03/09/2009,03/02/2009,275788400,24,101.9,41.264976,1121,6901,0.000025,0.000025,0.000025,0.000173,0.000025,-0.000173,-14.4,0,0
21B-3.W,2,1,B,3,W,Sample,,03/09/2009,03/02/2009,275788400,24,101.9,41.264976,10666,86042,0.000312,0.000312,0.000312,0.000173,0.000025,0.000114,9.5,0.000287,23.9
21B-4.0c,2,1,B,4,0,control1,,03/09/2009,03/02/2009,275788400,24,102.1,41.345967,3760,42849,0.000155,0.000155,0.000155,,,0.000155,,0.000155,
21B-4.1c,2,1,B,4,1,control1,,03/09/2009,03/02/2009,275788400,24,102.1,41.345967,4938,50763,0.000184,0.000184,0.000184,,,0.000184,,0.000184,
21B-4.0,2,1,B,4,0,Sample,,03/09/2009,03/02/2009,275788400,24,102.1,41.345967,2090,11489,0.000042,0.000042,0.000042,0.000155,0.000025,-0.000138,-11.5,0.000017,1.4
21B-4.1,2,1,B,4,1,Sample,,03/09/2009,03/02/2009,275788400,24,102.1,41.345967,7470,58922,0.000214,0.000214,0.000214,0.000184,0.000025,0.000005,0.4,0.000189,15.7
21B-4.N,2,1,B,4,N,Sample,,03/09/2009,03/02/2009,275788400,24,102.1,41.345967,1060,2381,0.000009,0.000009,0.000009,0.00017,0.000025,-0.000186,-15.5,-0.000016,-1.3
21B-4.W,2,1,B,4,W,Sample,,03/09/2009,03/02/2009,275788400,24,102.1,41.345967,3830,23329,0.000085,0.000085,0.000085,0.00017,0.000025,-0.00011,-9.1,0.00006,5
21C-1.0c,2,1,C,1,0,control1,,03/10/2009,03/02/2009,275788400,23,102.6,41.688811,3692,39902,0.000145,0.000145,0.000145,,,0.000145,,0.000145,
21C-1.1c,2,1,C,1,1,control1,,03/10/2009,03/02/2009,275788400,23,102.6,41.688811,3734,39427,0.000143,0.000143,0.000143,,,0.000143,,0.000143,
21C-1.0,2,1,C,1,0,Sample,,03/10/2009,03/02/2009,275788400,23,102.6,41.688811,1406,6146,0.000022,0.000022,0.000022,0.000145,0.000025,-0.000148,-12.4,-0.000003,-0.3
21C-1.1,2,1,C,1,1,Sample,,03/10/2009,03/02/2009,275788400,23,102.6,41.688811,2052,9883,0.000036,0.000036,0.000036,0.000143,0.000025,-0.000132,-11,0.000011,0.9
21C-1.N,2,1,C,1,N,Sample,,03/10/2009,03/02/2009,275788400,23,102.6,41.688811,1623,9530,0.000035,0.000035,0.000035,0.000144,0.000025,-0.000134,-11.2,0.00001,0.8
21C-1.E,2,1,C,1,E,Sample,,03/10/2009,03/02/2009,275788400,23,102.6,41.688811,2315,14330,0.000052,0.000052,0.000052,0.000144,0.000025,-0.000117,-9.8,0.000027,2.2
21C-2.0c,2,1,C,2,0,control1,,03/10/2009,03/02/2009,275788400,23,102.6,41.688811,3430,33698,0.000122,0.000122,0.000122,,,0.000122,,0.000122,
21C-2.1c,2,1,C,2,1,control1,,03/10/2009,03/02/2009,275788400,23,102.6,41.688811,4921,50718,0.000184,0.000184,0.000184,,,0.000184,,0.000184,
21C-2.0,2,1,C,2,0,Sample,,03/10/2009,03/02/2009,275788400,23,102.6,41.688811,2190,11749,0.000043,0.000043,0.000043,0.000122,0.000025,-0.000104,-8.7,0.000018,1.5
21C-2.1,2,1,C,2,1,Sample,,03/10/2009,03/02/2009,275788400,23,102.6,41.688811,1824,10154,0.000037,0.000037,0.000037,0.000184,0.000025,-0.000172,-14.4,0.000012,1
21C-2.S,2,1,C,2,S,Sample,,03/10/2009,03/02/2009,275788400,23,102.6,41.688811,1812,11181,0.000041,0.000041,0.000041,0.000153,0.000025,-0.000137,-11.4,0.000016,1.3
21C-2.W,2,1,C,2,W,Sample,,03/10/2009,03/02/2009,275788400,23,102.6,41.688811,2220,13083,0.000047,0.000047,0.000047,0.000153,0.000025,-0.000131,-10.9,0.000022,1.8
21C-3.0c,2,1,C,3,0,control1,,03/10/2009,03/02/2009,275788400,23,102.4,41.607547,3435,33810,0.000123,0.000123,0.000123,,,0.000123,,0.000123,
21C-3.1c,2,1,C,3,1,control1,,03/10/2009,03/02/2009,275788400,23,102.4,41.607547,10065,339313,0.00123,0.00123,0.00123,,,0.00123,,0.00123,
21C-3.0,2,1,C,3,0,Sample,,03/10/2009,03/02/2009,275788400,23,102.4,41.607547,4888,28605,0.000104,0.000104,0.000104,0.000123,0.000025,-0.000044,-3.7,0.000079,6.6
21C-3.1,2,1,C,3,1,Sample,,03/10/2009,03/02/2009,275788400,23,102.4,41.607547,1303,7762,0.000028,0.000028,0.000028,0.00123,0.000025,-0.001227,-102.3,0.000003,0.2
21C-3.N,2,1,C,3,N,Sample,,03/10/2009,03/02/2009,275788400,23,102.4,41.607547,2721,17613,0.000064,0.000064,0.000064,0.000677,0.000025,-0.000638,-53.1,0.000039,3.2
21C-3.W,2,1,C,3,W,Sample,,03/10/2009,03/02/2009,275788400,23,102.4,41.607547,3008,17154,0.000062,0.000062,0.000062,0.000677,0.000025,-0.00064,-53.3,0.000037,3.1
21C-4.0c,2,1,C,4,0,control1,,03/10/2009,03/02/2009,275788400,23,102.4,41.607547,3579,34728,0.000126,0.000126,0.000126,,,0.000126,,0.000126,
21C-4.1c,2,1,C,4,1,control1,,03/10/2009,03/02/2009,275788400,23,102.4,41.607547,5601,59220,0.000215,0.000215,0.000215,,,0.000215,,0.000215,
21C-4.0,2,1,C,4,0,Sample,,03/10/2009,03/02/2009,275788400,23,102.4,41.607547,3372,23754,0.000086,0.000086,0.000086,0.000126,0.000025,-0.000065,-5.4,0.000061,5.1
21C-4.1,2,1,C,4,1,Sample,,03/10/2009,03/02/2009,275788400,23,102.4,41.607547,1776,9161,0.000033,0.000033,0.000033,0.000215,0.000025,-0.000207,-17.3,0.000008,0.6
21C-4.S,2,1,C,4,S,Sample,,03/10/2009,03/02/2009,275788400,23,102.4,41.607547,2308,14378,0.000052,0.000052,0.000052,0.000171,0.000025,-0.000144,-12,0.000027,2.2
21C-4.E,2,1,C,4,E,Sample,,03/10/2009,03/02/2009,275788400,23,102.4,41.607547,2479,13896,0.00005,0.00005,0.00005,0.000171,0.000025,-0.000146,-12.1,0.000025,2.1
31B-C2,3,1,B,-,-,Control2,,03/12/2009,03/02/2009,275788400,23,103.1,41.891973,1961,12659,0.000046,0.000046,0.000046,,,0.000046,,0.000046,
31A-1.0c,3,1,A,1,0,control1,,03/12/2009,03/02/2009,275788400,23,103,41.851341,4643,49308,0.000179,0.000179,0.000179,,,0.000179,,0.000179,
31A-1.1c,3,1,A,1,1,control1,,03/12/2009,03/02/2009,275788400,23,103,41.851341,6557,73733,0.000267,0.000267,0.000267,,,0.000267,,0.000267,
31A-1.0,3,1,A,1,0,Sample,,03/12/2009,03/02/2009,275788400,23,103,41.851341,16790,154867,0.000562,0.000562,0.000562,0.000179,0.000046,0.000337,28.1,0.000516,43
31A-1.1,3,1,A,1,1,Sample,,03/12/2009,03/02/2009,275788400,23,103,41.851341,10270,98917,0.000359,0.000359,0.000359,0.000267,0.000046,0.000046,3.8,0.000313,26.1
31A-1.N,3,1,A,1,N,Sample,,03/12/2009,03/02/2009,275788400,23,103,41.851341,6936,51495,0.000187,0.000187,0.000187,0.000223,0.000046,-0.000082,-6.8,0.000141,11.8
31A-1.W,3,1,A,1,W,Sample,,03/12/2009,03/02/2009,275788400,23,103,41.851341,4778,29435,0.000107,0.000107,0.000107,0.000223,0.000046,-0.000162,-13.5,0.000061,5.1
31A-2.0c,3,1,A,2,0,control1,,03/12/2009,03/02/2009,275788400,24,103.1,41.750923,35969,392653,0.001424,0.001424,0.001424,,,0.001424,,0.001424,
31A-2.1c,3,1,A,2,1,control1,,03/12/2009,03/02/2009,275788400,24,103.1,41.750923,4302,46641,0.000169,0.000169,0.000169,,,0.000169,,0.000169,
31A-2.0,3,1,A,2,0,Sample,,03/12/2009,03/02/2009,275788400,24,103.1,41.750923,263328,2742116,0.009943,0.009943,0.009943,0.001424,0.000046,0.008473,706.1,0.009897,824.8
31A-2.1,3,1,A,2,1,Sample,,03/12/2009,03/02/2009,275788400,24,103.1,41.750923,141845,1433547,0.005198,0.005198,0.005198,0.000169,0.000046,0.004983,415.3,0.005152,429.3
31A-2.N,3,1,A,2,N,Sample,,03/12/2009,03/02/2009,275788400,24,103.1,41.750923,157602,1639253,0.005944,0.005944,0.005944,0.000797,0.000046,0.005102,425.1,0.005898,491.5
31A-2.E,3,1,A,2,E,Sample,,03/12/2009,03/02/2009,275788400,24,103.1,41.750923,169588,1701458,0.006169,0.006169,0.006169,0.000797,0.000046,0.005327,443.9,0.006123,510.3
31A-3.0c,3,1,A,3,0,control1,,03/12/2009,03/02/2009,275788400,24,103.1,41.750923,31514,336880,0.001222,0.001222,0.001222,,,0.001222,,0.001222,
31A-3.1c,3,1,A,3,1,control1,,03/12/2009,03/02/2009,275788400,24,103.1,41.750923,20430,210312,0.000763,0.000763,0.000763,,,0.000763,,0.000763,
31A-3.0,3,1,A,3,0,Sample,,03/12/2009,03/02/2009,275788400,23,103.1,41.891973,184668,1934719,0.007015,0.007015,0.007015,0.001226,0.000046,0.005743,478.6,0.006969,580.8
31A-3.1,3,1,A,3,1,Sample,,03/12/2009,03/02/2009,275788400,23,103.1,41.891973,158431,1598947,0.005798,0.005798,0.005798,0.000766,0.000046,0.004986,415.5,0.005752,479.3
31A-3.S,3,1,A,3,S,Sample,,03/12/2009,03/02/2009,275788400,23,103.1,41.891973,186223,1872557,0.00679,0.00679,0.00679,0.000996,0.000046,0.005748,479,0.006744,562
31A-3.W,3,1,A,3,W,Sample,,03/12/2009,03/02/2009,275788400,23,103.1,41.891973,79091,787940,0.002857,0.002857,0.002857,0.000996,0.000046,0.001815,151.3,0.002811,234.3
31A-4.0c,3,1,A,4,0,control1,,03/12/2009,03/02/2009,275788400,23,103.1,41.891973,21299,221206,0.000802,0.000802,0.000802,,,0.000802,,0.000802,
31A-4.1c,3,1,A,4,1,control1,,03/12/2009,03/02/2009,275788400,23,103.1,41.891973,23681,241676,0.000876,0.000876,0.000876,,,0.000876,,0.000876,
31A-4.0,3,1,A,4,0,Sample,,03/12/2009,03/02/2009,275788400,23,103.1,41.891973,110755,1148905,0.004166,0.004166,0.004166,0.000802,0.000046,0.003318,276.5,0.00412,343.3
31A-4.1,3,1,A,4,1,Sample,,03/12/2009,03/02/2009,275788400,23,103.1,41.891973,186116,1875084,0.006799,0.006799,0.006799,0.000876,0.000046,0.005877,489.8,0.006753,562.8
31A-4.S,3,1,A,4,S,Sample,,03/12/2009,03/02/2009,275788400,23,103.1,41.891973,310786,3243739,0.011762,0.011762,0.011762,0.000839,0.000046,0.010877,906.4,0.011716,976.3
31A-4.E,3,1,A,4,E,Sample,,03/12/2009,03/02/2009,275788400,23,103.1,41.891973,196725,1939616,0.007033,0.007033,0.007033,0.000839,0.000046,0.006148,512.3,0.006987,582.3
31B-1.0c,3,1,B,1,0,control1,,03/11/2009,03/02/2009,275788400,24,100.4,40.657543,3527,34289,0.000124,0.000124,0.000124,,,0.000124,,0.000124,
31B-1.1c,3,1,B,1,1,control1,,03/11/2009,03/02/2009,275788400,24,100.4,40.657543,14427,140861,0.000511,0.000511,0.000511,,,0.000511,,0.000511,
31B-1.0,3,1,B,1,0,Sample,,03/11/2009,03/02/2009,275788400,24,100.4,40.657543,9496,72305,0.000262,0.000262,0.000262,0.000124,0.000045,0.000093,7.8,0.000217,18.1
31B-1.1,3,1,B,1,1,Sample,,03/11/2009,03/02/2009,275788400,24,100.4,40.657543,110364,1062827,0.003854,0.003854,0.003854,0.000511,0.000045,0.003298,274.9,0.003809,317.4
31B-1.N,3,1,B,1,N,Sample,,03/11/2009,03/02/2009,275788400,24,100.4,40.657543,3610,21881,0.000079,0.000079,0.000079,0.000318,0.000045,-0.000283,-23.6,0.000034,2.9
31B-1.E,3,1,B,1,E,Sample,,03/11/2009,03/02/2009,275788400,24,100.4,40.657543,2211,10731,0.000039,0.000039,0.000039,0.000318,0.000045,-0.000323,-26.9,-0.000006,-0.5
31B-2.0c,3,1,B,2,0,control1,,03/11/2009,03/02/2009,275788400,23,100.5,40.835532,4215,39895,0.000145,0.000145,0.000145,,,0.000145,,0.000145,
31B-2.1c,3,1,B,2,1,control1,,03/11/2009,03/02/2009,275788400,23,100.5,40.835532,6234,90228,0.000327,0.000327,0.000327,,,0.000327,,0.000327,
31B-2.0,3,1,B,2,0,Sample,,03/11/2009,03/02/2009,275788400,23,100.5,40.835532,5145,46298,0.000168,0.000168,0.000168,0.000145,0.000045,-0.000022,-1.8,0.000123,10.3
31B-2.1,3,1,B,2,1,Sample,,03/11/2009,03/02/2009,275788400,23,100.5,40.835532,4864,33263,0.000121,0.000121,0.000121,0.000327,0.000045,-0.000251,-20.9,0.000076,6.3
31B-2.S,3,1,B,2,S,Sample,,03/11/2009,03/02/2009,275788400,23,100.5,40.835532,4280,31507,0.000114,0.000114,0.000114,0.000236,0.000045,-0.000167,-13.9,0.000069,5.8
31B-2.W,3,1,B,2,W,Sample,,03/11/2009,03/02/2009,275788400,23,100.5,40.835532,102131,1001191,0.00363,0.00363,0.00363,0.000236,0.000045,0.003349,279.1,0.003585,298.8
31B-3.0c,3,1,B,3,0,control1,,03/11/2009,03/02/2009,275788400,23,100.5,40.835532,5231,56319,0.000204,0.000204,0.000204,,,0.000204,,0.000204,
31B-3.1c,3,1,B,3,1,control1,,03/11/2009,03/02/2009,275788400,23,100.5,40.835532,7374,77159,0.00028,0.00028,0.00028,,,0.00028,,0.00028,
31B-3.0,3,1,B,3,0,Sample,,03/11/2009,03/02/2009,275788400,23,100.5,40.835532,23446,231625,0.00084,0.00084,0.00084,0.000204,0.000045,0.000591,49.3,0.000795,66.3
31B-3.1,3,1,B,3,1,Sample,,03/11/2009,03/02/2009,275788400,23,100.6,40.876164,88567,842510,0.003055,0.003055,0.003055,0.00028,0.000045,0.00273,227.5,0.00301,250.8
31B-3.S,3,1,B,3,S,Sample,,03/11/2009,03/02/2009,275788400,23,100.6,40.876164,41640,429183,0.001556,0.001556,0.001556,0.000242,0.000045,0.001269,105.7,0.001511,125.9
31B-3.E,3,1,B,3,E,Sample,,03/11/2009,03/02/2009,275788400,23,100.6,40.876164,7469,103378,0.000375,0.000375,0.000375,0.000242,0.000045,0.000088,7.3,0.00033,27.5
31B-4.0c,3,1,B,4,0,control1,,03/11/2009,03/02/2009,275788400,23,100.6,40.876164,3935,42497,0.000154,0.000154,0.000154,,,0.000154,,0.000154,
31B-4.1c,3,1,B,4,1,control1,,03/11/2009,03/02/2009,275788400,23,100.7,40.916796,4796,48768,0.000177,0.000177,0.000177,,,0.000177,,0.000177,
31B-4.0,3,1,B,4,0,Sample,,03/11/2009,03/02/2009,275788400,23,100.7,40.916796,3782,27508,0.0001,0.0001,0.0001,0.000154,0.000045,-0.000099,-8.3,0.000055,4.6
31B-4.1,3,1,B,4,1,Sample,,03/11/2009,03/02/2009,275788400,23,100.7,40.916796,6381,67262,0.000244,0.000244,0.000244,0.000177,0.000045,0.000022,1.8,0.000199,16.6
31B-4.N,3,1,B,4,N,Sample,,03/11/2009,03/02/2009,275788400,23,100.8,40.957429,10754,79227,0.000287,0.000287,0.000287,0.000166,0.000045,0.000076,6.4,0.000242,20.2
31B-4.W,3,1,B,4,W,Sample,,03/11/2009,03/02/2009,275788400,23,100.8,40.957429,12689,119291,0.000433,0.000433,0.000433,0.000166,0.000045,0.000222,18.5,0.000388,32.3
31C-1.0c,3,1,C,1,0,control1,,03/11/2009,03/02/2009,275788400,23,100.3,40.754267,4130,44260,0.00016,0.00016,0.00016,,,0.00016,,0.00016,
31C-1.1c,3,1,C,1,1,control1,,03/11/2009,03/02/2009,275788400,23,100.3,40.754267,8736,92464,0.000335,0.000335,0.000335,,,0.000335,,0.000335,
31C-1.0,3,1,C,1,0,Sample,,03/11/2009,03/02/2009,275788400,23,100.3,40.754267,163656,1627468,0.005901,0.005901,0.005901,0.00016,0.000045,0.005696,474.7,0.005856,488
31C-1.1,3,1,C,1,1,Sample,,03/11/2009,03/02/2009,275788400,23,100.3,40.754267,101409,975143,0.003536,0.003536,0.003536,0.000335,0.000045,0.003156,263,0.003491,290.9
31C-1.S,3,1,C,1,S,Sample,,03/11/2009,03/02/2009,275788400,23,100.2,40.713634,73438,722396,0.002619,0.002619,0.002619,0.000247,0.000045,0.002327,193.9,0.002574,214.5
31C-1.E,3,1,C,1,E,Sample,,03/11/2009,03/02/2009,275788400,23,100.2,40.713634,124480,1240320,0.004497,0.004497,0.004497,0.000247,0.000045,0.004205,350.4,0.004452,371
31C-2.0c,3,1,C,2,0,control1,,03/11/2009,03/02/2009,275788400,23,100.1,40.673002,4186,43161,0.000157,0.000157,0.000157,,,0.000157,,0.000157,
31C-2.1c,3,1,C,2,1,control1,,03/11/2009,03/02/2009,275788400,23,100.1,40.673002,16061,160589,0.000582,0.000582,0.000582,,,0.000582,,0.000582,
31C-2.0,3,1,C,2,0,Sample,,03/11/2009,03/02/2009,275788400,23,100.1,40.673002,1273,6855,0.000025,0.000025,0.000025,0.000157,0.000045,-0.000177,-14.7,-0.00002,-1.6
31C-2.1,3,1,C,2,1,Sample,,03/11/2009,03/02/2009,275788400,23,100.1,40.673002,56728,530619,0.001924,0.001924,0.001924,0.000582,0.000045,0.001297,108.1,0.001879,156.6
31C-2.N,3,1,C,2,N,Sample,,03/11/2009,03/02/2009,275788400,23,100.1,40.673002,9052,71373,0.000259,0.000259,0.000259,0.00037,0.000045,-0.000155,-12.9,0.000214,17.9
31C-2.E,3,1,C,2,E,Sample,,03/11/2009,03/02/2009,275788400,23,100.1,40.673002,5242,37409,0.000136,0.000136,0.000136,0.00037,0.000045,-0.000278,-23.2,0.000091,7.6
31C-3.0c,3,1,C,3,0,control1,,03/11/2009,03/02/2009,275788400,23,100.1,40.673002,4307,44348,0.000161,0.000161,0.000161,,,0.000161,,0.000161,
31C-3.1c,3,1,C,3,1,control1,,03/11/2009,03/02/2009,275788400,23,100.1,40.673002,20153,208580,0.000756,0.000756,0.000756,,,0.000756,,0.000756,
31C-3.0,3,1,C,3,0,Sample,,03/11/2009,03/02/2009,275788400,23,100.1,40.673002,3412,22678,0.000082,0.000082,0.000082,0.000161,0.000045,-0.000124,-10.3,0.000037,3.1
31C-3.1,3,1,C,3,1,Sample,,03/11/2009,03/02/2009,275788400,23,100.1,40.673002,147700,1466863,0.005319,0.005319,0.005319,0.000756,0.000045,0.004518,376.5,0.005274,439.5
31C-3.N,3,1,C,3,N,Sample,,03/11/2009,03/02/2009,275788400,23,100.1,40.673002,1646,10571,0.000038,0.000038,0.000038,0.000459,0.000045,-0.000465,-38.8,-0.000007,-0.6
31C-3.W,3,1,C,3,W,Sample,,03/11/2009,03/02/2009,275788400,23,100.1,40.673002,157377,1577919,0.005721,0.005721,0.005721,0.000459,0.000045,0.005218,434.8,0.005676,473
31C-4.0c,3,1,C,4,0,control1,,03/11/2009,03/02/2009,275788400,23,100.2,40.713634,5298,117526,0.000426,0.000426,0.000426,,,0.000426,,0.000426,
31C-4.1c,3,1,C,4,1,control1,,03/11/2009,03/02/2009,275788400,23,100.2,40.713634,4719,74932,0.000272,0.000272,0.000272,,,0.000272,,0.000272,
31C-4.0,3,1,C,4,0,Sample,,03/11/2009,03/02/2009,275788400,23,100.2,40.713634,3483,23523,0.000085,0.000085,0.000085,0.000426,0.000045,-0.000386,-32.1,0.00004,3.4
31C-4.1,3,1,C,4,1,Sample,,03/11/2009,03/02/2009,275788400,23,100.2,40.713634,120109,1191071,0.004319,0.004319,0.004319,0.000272,0.000045,0.004002,333.5,0.004274,356.2
31C-4.S,3,1,C,4,S,Sample,,03/11/2009,03/02/2009,275788400,23,100.3,40.754267,15718,162773,0.00059,0.00059,0.00059,0.000349,0.000045,0.000196,16.3,0.000545,45.4
31C-4.W,3,1,C,4,W,Sample,,03/11/2009,03/02/2009,275788400,23,100.3,40.754267,126234,1328291,0.004816,0.004816,0.004816,0.000349,0.000045,0.004422,368.5,0.004771,397.6
41C-C2,4,1,C,-,-,Control2,,03/17/2009,03/02/2009,275788400,24,102.1,41.345967,0,0,0,0,0,,,0,,0,
41A-1.0c,4,1,A,1,0,control1,,03/12/2009,03/02/2009,275788400,23,103.1,41.891973,7944,82268,0.000298,0.000298,0.000298,,,0.000298,,0.000298,
41A-1.1c,4,1,A,1,1,control1,,03/12/2009,03/02/2009,275788400,23,103.1,41.891973,4455,46878,0.00017,0.00017,0.00017,,,0.00017,,0.00017,
41A-1.0,4,1,A,1,0,Sample,,03/12/2009,03/02/2009,275788400,23,103.1,41.891973,148236,1426261,0.005172,0.005172,0.005172,0.000298,0,0.004874,406.2,0.005172,431
41A-1.1,4,1,A,1,1,Sample,,03/12/2009,03/02/2009,275788400,23,103.1,41.891973,53361,495614,0.001797,0.001797,0.001797,0.00017,0,0.001627,135.6,0.001797,149.8
41A-1.S,4,1,A,1,S,Sample,,03/12/2009,03/02/2009,275788400,23,103.1,41.891973,55765,535746,0.001943,0.001943,0.001943,0.000234,0,0.001709,142.4,0.001943,161.9
41A-1.E,4,1,A,1,E,Sample,,03/12/2009,03/02/2009,275788400,23,103.1,41.891973,39129,355761,0.00129,0.00129,0.00129,0.000234,0,0.001056,88,0.00129,107.5
41A-2.0c,4,1,A,2,0,control1,,03/12/2009,03/02/2009,275788400,23,103.1,41.891973,35031,362499,0.001314,0.001314,0.001314,,,0.001314,,0.001314,
41A-2.1c,4,1,A,2,1,control1,,03/12/2009,03/02/2009,275788400,23,103.1,41.891973,6011,68182,0.000247,0.000247,0.000247,,,0.000247,,0.000247,
41A-2.0,4,1,A,2,0,Sample,,03/12/2009,03/02/2009,275788400,23,103.1,41.891973,218351,2268666,0.008226,0.008226,0.008226,0.001314,0,0.006912,576,0.008226,685.5
41A-2.1,4,1,A,2,1,Sample,,03/12/2009,03/02/2009,275788400,23,103.1,41.891973,159271,1542842,0.005594,0.005594,0.005594,0.000247,0,0.005347,445.6,0.005594,466.2
41A-2.N,4,1,A,2,N,Sample,,03/12/2009,03/02/2009,275788400,23,103.1,41.891973,229890,2290451,0.008305,0.008305,0.008305,0.000781,0,0.007525,627,0.008305,692.1
41A-2.E,4,1,A,2,E,Sample,,03/12/2009,03/02/2009,275788400,23,103.1,41.891973,194360,1950468,0.007072,0.007072,0.007072,0.000781,0,0.006292,524.3,0.007072,589.3
41A-3.0c,4,1,A,3,0,control1,,03/12/2009,03/02/2009,275788400,23,103.2,41.932606,34677,350278,0.00127,0.00127,0.00127,,,0.00127,,0.00127,
41A-3.1c,4,1,A,3,1,control1,,03/12/2009,03/02/2009,275788400,23,103.2,41.932606,9342,93931,0.000341,0.000341,0.000341,,,0.000341,,0.000341,
41A-3.0,4,1,A,3,0,Sample,,03/12/2009,03/02/2009,275788400,23,103.2,41.932606,198308,2225676,0.00807,0.00807,0.00807,0.00127,0,0.0068,566.7,0.00807,672.5
41A-3.1,4,1,A,3,1,Sample,,03/12/2009,03/02/2009,275788400,23,103.2,41.932606,167048,1648108,0.005976,0.005976,0.005976,0.000341,0,0.005635,469.6,0.005976,498
41A-3.S,4,1,A,3,S,Sample,,03/12/2009,03/02/2009,275788400,23,103.2,41.932606,17360,279612,0.001014,0.001014,0.001014,0.000806,0,0.000209,17.4,0.001014,84.5
41A-3.W,4,1,A,3,W,Sample,,03/12/2009,03/02/2009,275788400,23,103.2,41.932606,50984,684972,0.002484,0.002484,0.002484,0.000806,0,0.001679,139.9,0.002484,207
41A-4.0c,4,1,A,4,0,control1,,03/12/2009,03/02/2009,275788400,23,103.2,41.932606,1880,23082,0.000084,0.000084,0.000084,,,0.000084,,0.000084,
41A-4.1c,4,1,A,4,1,control1,,03/12/2009,03/02/2009,275788400,23,103.2,41.932606,2424,36358,0.000132,0.000132,0.000132,,,0.000132,,0.000132,
41A-4.0,4,1,A,4,0,Sample,,03/13/2009,03/02/2009,275788400,24,103.3,41.831914,4372,47905,0.000174,0.000174,0.000174,0.000084,0,0.00009,7.5,0.000174,14.5
41A-4.1,4,1,A,4,1,Sample,,03/13/2009,03/02/2009,275788400,24,103.3,41.831914,53769,482734,0.00175,0.00175,0.00175,0.000132,0,0.001618,134.9,0.00175,145.8
41A-4.N,4,1,A,4,N,Sample,,03/13/2009,03/02/2009,275788400,24,103.3,41.831914,290022,2938365,0.010654,0.010654,0.010654,0.000108,0,0.010546,878.9,0.010654,887.8
41A-4.W,4,1,A,4,W,Sample,,03/13/2009,03/02/2009,275788400,24,103.3,41.831914,81460,762107,0.002763,0.002763,0.002763,0.000108,0,0.002655,221.3,0.002763,230.3
41B-1.0c,4,1,B,1,0,control1,,03/13/2009,03/02/2009,275788400,24,102.9,41.669932,4887,51331,0.000186,0.000186,0.000186,,,0.000186,,0.000186,
41B-1.1c,4,1,B,1,1,control1,,03/13/2009,03/02/2009,275788400,24,102.9,41.669932,19562,205467,0.000745,0.000745,0.000745,,,0.000745,,0.000745,
41B-1.0,4,1,B,1,0,Sample,,03/13/2009,03/02/2009,275788400,24,102.9,41.669932,25917,219641,0.000796,0.000796,0.000796,0.000186,0,0.00061,50.8,0.000796,66.3
41B-1.1,4,1,B,1,1,Sample,,03/13/2009,03/02/2009,275788400,24,102.9,41.669932,17838,149488,0.000542,0.000542,0.000542,0.000745,0,-0.000203,-16.9,0.000542,45.2
41B-1.N,4,1,B,1,N,Sample,,03/13/2009,03/02/2009,275788400,24,102.9,41.669932,2263,9907,0.000036,0.000036,0.000036,0.000466,0,-0.00043,-35.8,0.000036,3
41B-1.E,4,1,B,1,E,Sample,,03/13/2009,03/02/2009,275788400,24,102.9,41.669932,724,3028,0.000011,0.000011,0.000011,0.000466,0,-0.000455,-37.9,0.000011,0.9
41B-2.0c,4,1,B,2,0,control1,,03/13/2009,03/02/2009,275788400,24,102.9,41.669932,7615,74365,0.00027,0.00027,0.00027,,,0.00027,,0.00027,
41B-2.1c,4,1,B,2,1,control1,,03/13/2009,03/02/2009,275788400,24,102.9,41.669932,6186,92353,0.000335,0.000335,0.000335,,,0.000335,,0.000335,
41B-2.0,4,1,B,2,0,Sample,,03/13/2009,03/02/2009,275788400,24,102.9,41.669932,33846,285489,0.001035,0.001035,0.001035,0.00027,0,0.000765,63.8,0.001035,86.3
41B-2.1,4,1,B,2,1,Sample,,03/13/2009,03/02/2009,275788400,24,102.9,41.669932,298966,3086557,0.011192,0.011192,0.011192,0.000335,0,0.010857,904.8,0.011192,932.7
41B-2.S,4,1,B,2,S,Sample,,03/13/2009,03/02/2009,275788400,24,102.8,41.629436,163849,1669705,0.006054,0.006054,0.006054,0.000302,0,0.005752,479.3,0.006054,504.5
41B-2.W,4,1,B,2,W,Sample,,03/13/2009,03/02/2009,275788400,24,102.8,41.629436,111009,1134687,0.004114,0.004114,0.004114,0.000302,0,0.003812,317.6,0.004114,342.8
41B-3.0c,4,1,B,3,0,control1,,03/16/2009,03/02/2009,275788400,24,102.8,41.629436,7102,75348,0.000273,0.000273,0.000273,,,0.000273,,0.000273,
41B-3.1c,4,1,B,3,1,control1,,03/16/2009,03/02/2009,275788400,24,102.8,41.629436,22853,234125,0.000849,0.000849,0.000849,,,0.000849,,0.000849,
41B-3.0,4,1,B,3,0,Sample,,03/16/2009,03/02/2009,275788400,24,102.8,41.629436,195157,1951969,0.007078,0.007078,0.007078,0.000273,0,0.006805,567.1,0.007078,589.8
41B-3.1,4,1,B,3,1,Sample,,03/16/2009,03/02/2009,275788400,24,102.8,41.629436,141276,1366625,0.004955,0.004955,0.004955,0.000849,0,0.004106,342.2,0.004955,412.9
41B-3.N,4,1,B,3,N,Sample,,03/16/2009,03/02/2009,275788400,24,102.8,41.629436,7215,62172,0.000225,0.000225,0.000225,0.000561,0,-0.000336,-28,0.000225,18.8
41B-3.W,4,1,B,3,W,Sample,,03/16/2009,03/02/2009,275788400,24,102.8,41.629436,104786,997918,0.003618,0.003618,0.003618,0.000561,0,0.003057,254.8,0.003618,301.5
41B-4.0c,4,1,B,4,0,control1,,03/16/2009,03/02/2009,275788400,24,102.8,41.629436,8720,87721,0.000318,0.000318,0.000318,,,0.000318,,0.000318,
41B-4.1c,4,1,B,4,1,control1,,03/16/2009,03/02/2009,275788400,24,102.8,41.629436,4259,45641,0.000165,0.000165,0.000165,,,0.000165,,0.000165,
41B-4.0,4,1,B,4,0,Sample,,03/16/2009,03/02/2009,275788400,24,102.8,41.629436,77976,736248,0.00267,0.00267,0.00267,0.000318,0,0.002352,196,0.00267,222.5
41B-4.1,4,1,B,4,1,Sample,,03/16/2009,03/02/2009,275788400,24,102.8,41.629436,177775,1764523,0.006398,0.006398,0.006398,0.000165,0,0.006233,519.4,0.006398,533.2
41B-4.S,4,1,B,4,S,Sample,,03/16/2009,03/02/2009,275788400,24,102.7,41.588941,113513,1089792,0.003952,0.003952,0.003952,0.000241,0,0.003711,309.2,0.003952,329.3
41B-4.E,4,1,B,4,E,Sample,,03/16/2009,03/02/2009,275788400,24,102.7,41.588941,12820,106123,0.000385,0.000385,0.000385,0.000241,0,0.000144,12,0.000385,32.1
41C-1.0c,4,1,C,1,0,control1,,03/17/2009,03/02/2009,275788400,24,102.3,41.426958,6245,60516,0.000219,0.000219,0.000219,,,0.000219,,0.000219,
41C-1.1c,4,1,C,1,1,control1,,03/17/2009,03/02/2009,275788400,24,102.3,41.426958,20402,213957,0.000776,0.000776,0.000776,,,0.000776,,0.000776,
41C-1.0,4,1,C,1,0,Sample,,03/17/2009,03/02/2009,275788400,24,102.2,41.386463,4376,28480,0.000103,0.000103,0.000103,0.000219,0,-0.000116,-9.6,0.000103,8.6
41C-1.1,4,1,C,1,1,Sample,,03/17/2009,03/02/2009,275788400,24,102.2,41.386463,131519,1262774,0.004579,0.004579,0.004579,0.000775,0,0.003804,317,0.004579,381.6
41C-1.S,4,1,C,1,S,Sample,,03/17/2009,03/02/2009,275788400,24,102.2,41.386463,26572,223594,0.000811,0.000811,0.000811,0.000497,0,0.000314,26.2,0.000811,67.6
41C-1.E,4,1,C,1,E,Sample,,03/17/2009,03/02/2009,275788400,24,102.2,41.386463,53321,466485,0.001691,0.001691,0.001691,0.000497,0,0.001194,99.5,0.001691,140.9
41C-2.0c,4,1,C,2,0,control1,,03/17/2009,03/02/2009,275788400,24,102.2,41.386463,8117,134880,0.000489,0.000489,0.000489,,,0.000489,,0.000489,
41C-2.1c,4,1,C,2,1,control1,,03/17/2009,03/02/2009,275788400,24,102.2,41.386463,6306,63522,0.00023,0.00023,0.00023,,,0.00023,,0.00023,
41C-2.0,4,1,C,2,0,Sample,,03/17/2009,03/02/2009,275788400,24,102.2,41.386463,64,131,0,0,0,0.000489,0,-0.000489,-40.8,0,0
41C-2.1,4,1,C,2,1,Sample,,03/17/2009,03/02/2009,275788400,24,102.2,41.386463,90270,830123,0.00301,0.00301,0.00301,0.00023,0,0.00278,231.7,0.00301,250.8
41C-2.N,4,1,C,2,N,Sample,,03/17/2009,03/02/2009,275788400,24,102.2,41.386463,20304,171186,0.000621,0.000621,0.000621,0.00036,0,0.000262,21.8,0.000621,51.8
41C-2.E,4,1,C,2,E,Sample,,03/17/2009,03/02/2009,275788400,24,102.2,41.386463,147087,1385116,0.005022,0.005022,0.005022,0.00036,0,0.004663,388.5,0.005022,418.5
41C-3.0c,4,1,C,3,0,control1,,03/17/2009,03/02/2009,275788400,24,102.2,41.386463,5781,52900,0.000192,0.000192,0.000192,,,0.000192,,0.000192,
41C-3.1c,4,1,C,3,1,control1,,03/17/2009,03/02/2009,275788400,24,102.2,41.386463,12927,133480,0.000484,0.000484,0.000484,,,0.000484,,0.000484,
41C-3.0,4,1,C,3,0,Sample,,03/17/2009,03/02/2009,275788400,24,102.2,41.386463,0,0,0,0,0,0.000192,0,-0.000192,-16,0,0
41C-3.1,4,1,C,3,1,Sample,,03/17/2009,03/02/2009,275788400,24,102.2,41.386463,75127,685579,0.002486,0.002486,0.002486,0.000484,0,0.002002,166.8,0.002486,207.2
41C-3.N,4,1,C,3,N,Sample,,03/17/2009,03/02/2009,275788400,24,102.2,41.386463,55217,483724,0.001754,0.001754,0.001754,0.000338,0,0.001416,118,0.001754,146.2
41C-3.W,4,1,C,3,W,Sample,,03/17/2009,03/02/2009,275788400,24,102.2,41.386463,134263,1251797,0.004539,0.004539,0.004539,0.000338,0,0.004201,350.1,0.004539,378.3
41C-4.0c,4,1,C,4,0,control1,,03/17/2009,03/02/2009,275788400,24,102.1,41.345967,7447,71946,0.000261,0.000261,0.000261,,,0.000261,,0.000261,
41C-4.1c,4,1,C,4,1,control1,,03/17/2009,03/02/2009,275788400,24,102.1,41.345967,4133,43222,0.000157,0.000157,0.000157,,,0.000157,,0.000157,
41C-4.0,4,1,C,4,0,Sample,,03/17/2009,03/02/2009,275788400,24,102.1,41.345967,0,0,0,0,0,0.000261,0,-0.000261,-21.8,0,0
41C-4.1,4,1,C,4,1,Sample,,03/17/2009,03/02/2009,275788400,24,102.1,41.345967,61799,554594,0.002011,0.002011,0.002011,0.000157,0,0.001854,154.5,0.002011,167.6
41C-4.S,4,1,C,4,S,Sample,,03/17/2009,03/02/2009,275788400,24,102.1,41.345967,28922,244035,0.000885,0.000885,0.000885,0.000209,0,0.000676,56.3,0.000885,73.8
41C-4.W,4,1,C,4,W,Sample,,03/17/2009,03/02/2009,275788400,24,102.1,41.345967,161383,1567105,0.005682,0.005682,0.005682,0.000209,0,0.005473,456.1,0.005682,473.5
51B-C2,5,1,B,-,-,Control2,,03/18/2009,03/02/2009,275788400,24,101.1,40.941012,0,0,0,0,0,,,0,,0,
51A-1.0c,5,1,A,1,0,control1,,03/17/2009,03/02/2009,275788400,24,102,41.305472,23218,243566,0.000883,0.000883,0.000883,,,0.000883,,0.000883,
51A-1.1c,5,1,A,1,1,control1,,03/17/2009,03/02/2009,275788400,24,102,41.305472,24856,253462,0.000919,0.000919,0.000919,,,0.000919,,0.000919,
51A-1.0,5,1,A,1,0,Sample,,03/17/2009,03/02/2009,275788400,24,102,41.305472,67641,620599,0.00225,0.00225,0.00225,0.000883,0,0.001367,113.9,0.00225,187.5
51A-1.1,5,1,A,1,1,Sample,,03/17/2009,03/02/2009,275788400,24,102,41.305472,85256,789301,0.002862,0.002862,0.002862,0.000919,0,0.001943,161.9,0.002862,238.5
51A-1.S,5,1,A,1,S,Sample,,03/17/2009,03/02/2009,275788400,24,102,41.305472,30138,253763,0.00092,0.00092,0.00092,0.000901,0,0.000019,1.6,0.00092,76.7
51A-1.W,5,1,A,1,W,Sample,,03/17/2009,03/02/2009,275788400,24,102,41.305472,237819,2352004,0.008528,0.008528,0.008528,0.000901,0,0.007627,635.6,0.008528,710.7
51A-2.0c,5,1,A,2,0,control1,,03/17/2009,03/02/2009,275788400,24,102,41.305472,4871,47907,0.000174,0.000174,0.000174,,,0.000174,,0.000174,
51A-2.1c,5,1,A,2,1,control1,,03/17/2009,03/02/2009,275788400,24,102,41.305472,11933,118680,0.00043,0.00043,0.00043,,,0.00043,,0.00043,
51A-2.0,5,1,A,2,0,Sample,,03/17/2009,03/02/2009,275788400,24,102,41.305472,6741,47075,0.000171,0.000171,0.000171,0.000174,0,-0.000003,-0.2,0.000171,14.3
51A-2.1,5,1,A,2,1,Sample,,03/17/2009,03/02/2009,275788400,24,102,41.305472,27834,237960,0.000863,0.000863,0.000863,0.00043,0,0.000433,36.1,0.000863,71.9
51A-2.S,5,1,A,2,S,Sample,,03/17/2009,03/02/2009,275788400,24,102,41.305472,30746,261084,0.000947,0.000947,0.000947,0.000302,0,0.000645,53.8,0.000947,78.9
51A-2.E,5,1,A,2,E,Sample,,03/17/2009,03/02/2009,275788400,24,102,41.305472,31991,271224,0.000983,0.000983,0.000983,0.000302,0,0.000681,56.8,0.000983,81.9
51A-3.0c,5,1,A,3,0,control1,,03/18/2009,03/02/2009,275788400,24,101.2,40.981507,7459,72868,0.000264,0.000264,0.000264,,,0.000264,,0.000264,
51A-3.1c,5,1,A,3,1,control1,,03/18/2009,03/02/2009,275788400,24,101.2,40.981507,13388,139462,0.000506,0.000506,0.000506,,,0.000506,,0.000506,
51A-3.0,5,1,A,3,0,Sample,,03/18/2009,03/02/2009,275788400,24,101.2,40.981507,46592,411055,0.00149,0.00149,0.00149,0.000264,0,0.001226,102.2,0.00149,124.2
51A-3.1,5,1,A,3,1,Sample,,03/18/2009,03/02/2009,275788400,24,101.2,40.981507,27074,228178,0.000827,0.000827,0.000827,0.000506,0,0.000321,26.8,0.000827,68.9
51A-3.N,5,1,A,3,N,Sample,,03/18/2009,03/02/2009,275788400,24,101.2,40.981507,33485,292851,0.001062,0.001062,0.001062,0.000385,0,0.000677,56.4,0.001062,88.5
51A-3.E,5,1,A,3,E,Sample,,03/18/2009,03/02/2009,275788400,24,101.2,40.981507,202721,1957883,0.007099,0.007099,0.007099,0.000385,0,0.006714,559.5,0.007099,591.6
51A-4.0c,5,1,A,4,0,control1,,03/18/2009,03/02/2009,275788400,24,101.2,40.981507,4865,50458,0.000183,0.000183,0.000183,,,0.000183,,0.000183,
51A-4.1c,5,1,A,4,1,control1,,03/18/2009,03/02/2009,275788400,24,101.2,40.981507,8945,88835,0.000322,0.000322,0.000322,,,0.000322,,0.000322,
51A-4.0,5,1,A,4,0,Sample,,03/18/2009,03/02/2009,275788400,24,101.1,40.941012,42003,362678,0.001315,0.001315,0.001315,0.000183,0,0.001132,94.3,0.001315,109.6
51A-4.1,5,1,A,4,1,Sample,,03/18/2009,03/02/2009,275788400,24,101.1,40.941012,138615,1297500,0.004705,0.004705,0.004705,0.000322,0,0.004383,365.3,0.004705,392.1
51A-4.N,5,1,A,4,N,Sample,,03/18/2009,03/02/2009,275788400,24,101.1,40.941012,51188,460174,0.001669,0.001669,0.001669,0.000252,0,0.001417,118.1,0.001669,139.1
51A-4.W,5,1,A,4,W,Sample,,03/18/2009,03/02/2009,275788400,24,101.1,40.941012,143758,1387186,0.00503,0.00503,0.00503,0.000252,0,0.004778,398.1,0.00503,419.2
51B-1.0c,5,1,B,1,0,control1,,03/18/2009,03/02/2009,275788400,24,101.1,40.941012,3906,41835,0.000152,0.000152,0.000152,,,0.000152,,0.000152,
51B-1.1c,5,1,B,1,1,control1,,03/18/2009,03/02/2009,275788400,24,101.1,40.941012,12617,126072,0.000457,0.000457,0.000457,,,0.000457,,0.000457,
51B-1.0,5,1,B,1,0,Sample,,03/18/2009,03/02/2009,275788400,24,101.1,40.941012,765,3439,0.000012,0.000012,0.000012,0.000152,0,-0.00014,-11.7,0.000012,1
51B-1.1,5,1,B,1,1,Sample,,03/18/2009,03/02/2009,275788400,24,101.1,40.941012,8916,58304,0.000211,0.000211,0.000211,0.000457,0,-0.000246,-20.5,0.000211,17.6
51B-1.N,5,1,B,1,N,Sample,,03/18/2009,03/02/2009,275788400,24,101.1,40.941012,49696,446359,0.001618,0.001618,0.001618,0.000305,0,0.001314,109.5,0.001618,134.8
51B-1.W,5,1,B,1,W,Sample,,03/18/2009,03/02/2009,275788400,24,101.1,40.941012,8437,56284,0.000204,0.000204,0.000204,0.000305,0,-0.000101,-8.4,0.000204,17
51B-2.0c,5,1,B,2,0,control1,,03/18/2009,03/02/2009,275788400,24,101.1,40.941012,4584,42999,0.000156,0.000156,0.000156,,,0.000156,,0.000156,
51B-2.1c,5,1,B,2,1,control1,,03/18/2009,03/02/2009,275788400,24,101.1,40.941012,11687,116900,0.000424,0.000424,0.000424,,,0.000424,,0.000424,
51B-2.0,5,1,B,2,0,Sample,,03/18/2009,03/02/2009,275788400,24,101.1,40.941012,3444,19745,0.000072,0.000072,0.000072,0.000156,0,-0.000084,-7,0.000072,6
51B-2.1,5,1,B,2,1,Sample,,03/18/2009,03/02/2009,275788400,24,101.1,40.941012,22826,192141,0.000697,0.000697,0.000697,0.000424,0,0.000273,22.8,0.000697,58.1
51B-2.N,5,1,B,2,N,Sample,,03/18/2009,03/02/2009,275788400,24,101.1,40.941012,8632,62522,0.000227,0.000227,0.000227,0.00029,0,-0.000063,-5.3,0.000227,18.9
51B-2.E,5,1,B,2,E,Sample,,03/18/2009,03/02/2009,275788400,24,101.1,40.941012,33211,278561,0.00101,0.00101,0.00101,0.00029,0,0.00072,60,0.00101,84.2
51B-3.0c,5,1,B,3,0,control1,,03/18/2009,03/02/2009,275788400,24,101.1,40.941012,11306,119286,0.000433,0.000433,0.000433,,,0.000433,,0.000433,
51B-3.1c,5,1,B,3,1,control1,,03/18/2009,03/02/2009,275788400,24,101.1,40.941012,9587,92892,0.000337,0.000337,0.000337,,,0.000337,,0.000337,
51B-3.0,5,1,B,3,0,Sample,,03/18/2009,03/02/2009,275788400,24,101.1,40.941012,64833,585646,0.002124,0.002124,0.002124,0.000433,0,0.001691,140.9,0.002124,177
51B-3.1,5,1,B,3,1,Sample,,03/18/2009,03/02/2009,275788400,24,101.1,40.941012,20267,170990,0.00062,0.00062,0.00062,0.000337,0,0.000283,23.6,0.00062,51.7
51B-3.S,5,1,B,3,S,Sample,,03/18/2009,03/02/2009,275788400,24,101.1,40.941012,26227,221892,0.000805,0.000805,0.000805,0.000385,0,0.00042,35,0.000805,67.1
51B-3.E,5,1,B,3,E,Sample,,03/18/2009,03/02/2009,275788400,24,101.1,40.941012,2129,9156,0.000033,0.000033,0.000033,0.000385,0,-0.000352,-29.3,0.000033,2.8
51B-4.0c,5,1,B,4,0,control1,,03/18/2009,03/02/2009,275788400,24,101.1,40.941012,11925,194053,0.000704,0.000704,0.000704,,,0.000704,,0.000704,
51B-4.1c,5,1,B,4,1,control1,,03/18/2009,03/02/2009,275788400,24,101.1,40.941012,16629,174889,0.000634,0.000634,0.000634,,,0.000634,,0.000634,
51B-4.0,5,1,B,4,0,Sample,,03/18/2009,03/02/2009,275788400,24,101.1,40.941012,52054,455142,0.00165,0.00165,0.00165,0.000704,0,0.000946,78.8,0.00165,137.5
51B-4.1,5,1,B,4,1,Sample,,03/18/2009,03/02/2009,275788400,24,101.1,40.941012,72860,648613,0.002352,0.002352,0.002352,0.000634,0,0.001718,143.2,0.002352,196
51B-4.S,5,1,B,4,S,Sample,,03/18/2009,03/02/2009,275788400,24,101.1,40.941012,221593,2134994,0.007741,0.007741,0.007741,0.000669,0,0.007072,589.3,0.007741,645.1
51B-4.W,5,1,B,4,W,Sample,,03/18/2009,03/02/2009,275788400,24,101.1,40.941012,121026,1128428,0.004092,0.004092,0.004092,0.000669,0,0.003423,285.3,0.004092,341
51C-1.0c,5,1,C,1,0,control1,,03/19/2009,03/02/2009,275788400,24,101.6,41.143489,4306,42901,0.000156,0.000156,0.000156,,,0.000156,,0.000156,
51C-1.1c,5,1,C,1,1,control1,,03/19/2009,03/02/2009,275788400,24,101.6,41.143489,4257,44004,0.00016,0.00016,0.00016,,,0.00016,,0.00016,
51C-1.0,5,1,C,1,0,Sample,,03/19/2009,03/02/2009,275788400,24,101.7,41.183985,1323,4996,0.000018,0.000018,0.000018,0.000156,0,-0.000138,-11.5,0.000018,1.5
51C-1.1,5,1,C,1,1,Sample,,03/19/2009,03/02/2009,275788400,24,101.7,41.183985,6078,38843,0.000141,0.000141,0.000141,0.00016,0,-0.000019,-1.6,0.000141,11.8
51C-1.S,5,1,C,1,S,Sample,,03/19/2009,03/02/2009,275788400,24,101.7,41.183985,20581,171332,0.000621,0.000621,0.000621,0.000158,0,0.000463,38.6,0.000621,51.8
51C-1.E,5,1,C,1,E,Sample,,03/19/2009,03/02/2009,275788400,24,101.7,41.183985,374,1587,0.000006,0.000006,0.000006,0.000158,0,-0.000152,-12.7,0.000006,0.5
51C-2.0c,5,1,C,2,0,control1,,03/19/2009,03/02/2009,275788400,24,101.7,41.183985,3750,37290,0.000135,0.000135,0.000135,,,0.000135,,0.000135,
51C-2.1c,5,1,C,2,1,control1,,03/19/2009,03/02/2009,275788400,24,101.7,41.183985,11717,114799,0.000416,0.000416,0.000416,,,0.000416,,0.000416,
51C-2.0,5,1,C,2,0,Sample,,03/19/2009,03/02/2009,275788400,24,101.7,41.183985,438,593,0.000002,0.000002,0.000002,0.000135,0,-0.000133,-11.1,0.000002,0.2
51C-2.1,5,1,C,2,1,Sample,,03/19/2009,03/02/2009,275788400,24,101.7,41.183985,16199,135202,0.00049,0.00049,0.00049,0.000416,0,0.000074,6.2,0.00049,40.8
51C-2.N,5,1,C,2,N,Sample,,03/19/2009,03/02/2009,275788400,24,101.7,41.183985,15273,125200,0.000454,0.000454,0.000454,0.000276,0,0.000179,14.9,0.000454,37.8
51C-2.E,5,1,C,2,E,Sample,,03/19/2009,03/02/2009,275788400,24,101.7,41.183985,20645,177968,0.000645,0.000645,0.000645,0.000276,0,0.00037,30.8,0.000645,53.8
51C-3.0c,5,1,C,3,0,control1,,03/19/2009,03/02/2009,275788400,24,101.7,41.183985,4162,39527,0.000143,0.000143,0.000143,,,0.000143,,0.000143,
51C-3.1c,5,1,C,3,1,control1,,03/19/2009,03/02/2009,275788400,24,101.7,41.183985,6502,63276,0.000229,0.000229,0.000229,,,0.000229,,0.000229,
51C-3.0,5,1,C,3,0,Sample,,03/19/2009,03/02/2009,275788400,24,101.7,41.183985,1233,6315,0.000023,0.000023,0.000023,0.000143,0,-0.00012,-10,0.000023,1.9
51C-3.1,5,1,C,3,1,Sample,,03/19/2009,03/02/2009,275788400,24,101.8,41.22448,17399,144793,0.000525,0.000525,0.000525,0.000229,0,0.000296,24.6,0.000525,43.8
51C-3.S,5,1,C,3,S,Sample,,03/19/2009,03/02/2009,275788400,24,101.8,41.22448,480,497,0.000002,0.000002,0.000002,0.000186,0,-0.000184,-15.3,0.000002,0.2
51C-3.W,5,1,C,3,W,Sample,,03/19/2009,03/02/2009,275788400,24,101.8,41.22448,942,3400,0.000012,0.000012,0.000012,0.000186,0,-0.000174,-14.5,0.000012,1
51C-4.0c,5,1,C,4,0,control1,,03/19/2009,03/02/2009,275788400,24,101.8,41.22448,4203,40132,0.000146,0.000146,0.000146,,,0.000146,,0.000146,
51C-4.1c,5,1,C,4,1,control1,,03/19/2009,03/02/2009,275788400,24,101.8,41.22448,16224,166938,0.000605,0.000605,0.000605,,,0.000605,,0.000605,
51C-4.0,5,1,C,4,0,Sample,,03/19/2009,03/02/2009,275788400,24,101.8,41.22448,943,4243,0.000015,0.000015,0.000015,0.000146,0,-0.000131,-10.9,0.000015,1.3
51C-4.1,5,1,C,4,1,Sample,,03/19/2009,03/02/2009,275788400,24,101.8,41.22448,99712,955010,0.003463,0.003463,0.003463,0.000605,0,0.002858,238.2,0.003463,288.6
51C-4.N,5,1,C,4,N,Sample,,03/19/2009,03/02/2009,275788400,24,101.8,41.22448,215400,2178170,0.007898,0.007898,0.007898,0.000376,0,0.007523,626.9,0.007898,658.2
51C-4.W,5,1,C,4,W,Sample,,03/19/2009,03/02/2009,275788400,24,101.8,41.22448,14739,123008,0.000446,0.000446,0.000446,0.000376,0,0.000071,5.9,0.000446,37.2
61A-C2,6,1,A,-,-,Control2,,03/20/2009,03/02/2009,275788400,24,103.1,41.750923,3120,21410,0.000078,0.000078,0.000078,,,0.000078,,0.000078,
61A-1.0c,6,1,A,1,0,control1,,03/19/2009,03/02/2009,275788400,24,101.8,41.22448,9094,92351,0.000335,0.000335,0.000335,,,0.000335,,0.000335,
61A-1.1c,6,1,A,1,1,control1,,03/19/2009,03/02/2009,275788400,24,101.8,41.22448,10444,105705,0.000383,0.000383,0.000383,,,0.000383,,0.000383,
61A-1.0,6,1,A,1,0,Sample,,03/19/2009,03/02/2009,275788400,24,101.8,41.22448,10208,83379,0.000302,0.000302,0.000302,0.000335,0.000077,-0.00011,-9.2,0.000225,18.7
61A-1.1,6,1,A,1,1,Sample,,03/19/2009,03/02/2009,275788400,24,101.8,41.22448,14208,120146,0.000436,0.000436,0.000436,0.000383,0.000077,-0.000024,-2,0.000359,29.9
61A-1.S,6,1,A,1,S,Sample,,03/19/2009,03/02/2009,275788400,24,101.8,41.22448,60514,553640,0.002007,0.002007,0.002007,0.000359,0.000077,0.001571,130.9,0.00193,160.8
61A-1.W,6,1,A,1,W,Sample,,03/19/2009,03/02/2009,275788400,24,101.8,41.22448,94332,896613,0.003251,0.003251,0.003251,0.000359,0.000077,0.002815,234.6,0.003174,264.5
61A-2.0c,6,1,A,2,0,control1,,03/19/2009,03/02/2009,275788400,24,101.8,41.22448,13696,140236,0.000508,0.000508,0.000508,,,0.000508,,0.000508,
61A-2.1c,6,1,A,2,1,control1,,03/19/2009,03/02/2009,275788400,24,101.8,41.22448,10182,108878,0.000395,0.000395,0.000395,,,0.000395,,0.000395,
61A-2.0,6,1,A,2,0,Sample,,03/19/2009,03/02/2009,275788400,24,101.8,41.22448,190877,1913829,0.006939,0.006939,0.006939,0.000508,0.000077,0.006354,529.5,0.006862,571.8
61A-2.1,6,1,A,2,1,Sample,,03/19/2009,03/02/2009,275788400,24,101.8,41.22448,224485,2253875,0.008172,0.008172,0.008172,0.000395,0.000077,0.0077,641.7,0.008095,674.6
61A-2.S,6,1,A,2,S,Sample,,03/19/2009,03/02/2009,275788400,24,101.8,41.22448,386406,4010762,0.014543,0.014543,0.014543,0.000452,0.000077,0.014014,1167.9,0.014466,1205.5
61A-2.E,6,1,A,2,E,Sample,,03/19/2009,03/02/2009,275788400,24,101.8,41.22448,253166,2622026,0.009507,0.009507,0.009507,0.000452,0.000077,0.008978,748.2,0.00943,785.8
61A-3.0c,6,1,A,3,0,control1,,03/19/2009,03/02/2009,275788400,24,102,41.305472,5767,66212,0.00024,0.00024,0.00024,,,0.00024,,0.00024,
61A-3.1c,6,1,A,3,1,control1,,03/19/2009,03/02/2009,275788400,24,102,41.305472,16114,162893,0.000591,0.000591,0.000591,,,0.000591,,0.000591,
61A-3.0,6,1,A,3,0,Sample,,03/19/2009,03/02/2009,275788400,24,102,41.305472,53975,504550,0.001829,0.001829,0.001829,0.00024,0.000077,0.001512,126,0.001752,146
61A-3.1,6,1,A,3,1,Sample,,03/19/2009,03/02/2009,275788400,24,102,41.305472,59527,544709,0.001975,0.001975,0.001975,0.000591,0.000077,0.001307,108.9,0.001898,158.2
61A-3.N,6,1,A,3,N,Sample,,03/19/2009,03/02/2009,275788400,24,102,41.305472,55559,508586,0.001844,0.001844,0.001844,0.000416,0.000077,0.001351,112.6,0.001767,147.2
61A-3.W,6,1,A,3,W,Sample,,03/19/2009,03/02/2009,275788400,24,102,41.305472,153517,1528974,0.005544,0.005544,0.005544,0.000416,0.000077,0.005051,420.9,0.005467,455.6
61A-4.0c,6,1,A,4,0,control1,,03/19/2009,03/02/2009,275788400,24,102.1,41.345967,25181,256201,0.000929,0.000929,0.000929,,,0.000929,,0.000929,
61A-4.1c,6,1,A,4,1,control1,,03/19/2009,03/02/2009,275788400,24,102.1,41.345967,13937,306913,0.001113,0.001113,0.001113,,,0.001113,,0.001113,
61A-4.0,6,1,A,4,0,Sample,,03/19/2009,03/02/2009,275788400,24,102.1,41.345967,141167,1389277,0.005037,0.005037,0.005037,0.000929,0.000077,0.004031,335.9,0.00496,413.3
61A-4.1,6,1,A,4,1,Sample,,03/19/2009,03/02/2009,275788400,24,102.1,41.345967,31977,277875,0.001008,0.001008,0.001008,0.001113,0.000077,-0.000182,-15.2,0.000931,77.6
61A-4.N,6,1,A,4,N,Sample,,03/19/2009,03/02/2009,275788400,24,102.1,41.345967,68532,652274,0.002365,0.002365,0.002365,0.001021,0.000077,0.001267,105.6,0.002288,190.6
61A-4.E,6,1,A,4,E,Sample,,03/19/2009,03/02/2009,275788400,24,102.1,41.345967,94349,901956,0.00327,0.00327,0.00327,0.001021,0.000077,0.002172,181,0.003193,266.1
61B-1.0c,6,1,B,1,0,control1,,03/20/2009,03/02/2009,275788400,24,103.1,41.750923,4952,50414,0.000183,0.000183,0.000183,,,0.000183,,0.000183,
61B-1.1c,6,1,B,1,1,control1,,03/20/2009,03/02/2009,275788400,24,103.1,41.750923,9417,96962,0.000352,0.000352,0.000352,,,0.000352,,0.000352,
61B-1.0,6,1,B,1,0,Sample,,03/20/2009,03/02/2009,275788400,24,103.1,41.750923,7581,72992,0.000265,0.000265,0.000265,0.000183,0.000078,0.000004,0.3,0.000187,15.6
61B-1.1,6,1,B,1,1,Sample,,03/20/2009,03/02/2009,275788400,24,103.1,41.750923,107187,1083196,0.003928,0.003928,0.003928,0.000352,0.000078,0.003498,291.5,0.00385,320.8
61B-1.N,6,1,B,1,N,Sample,,03/20/2009,03/02/2009,275788400,24,103.1,41.750923,43033,413244,0.001498,0.001498,0.001498,0.000268,0.000078,0.001153,96,0.00142,118.3
61B-1.E,6,1,B,1,E,Sample,,03/20/2009,03/02/2009,275788400,24,103.1,41.750923,24726,235836,0.000855,0.000855,0.000855,0.000268,0.000078,0.00051,42.5,0.000777,64.8
61B-2.0c,6,1,B,2,0,control1,,03/20/2009,03/02/2009,275788400,24,103.1,41.750923,9659,98227,0.000356,0.000356,0.000356,,,0.000356,,0.000356,
61B-2.1c,6,1,B,2,1,control1,,03/20/2009,03/02/2009,275788400,24,103.1,41.750923,5345,55494,0.000201,0.000201,0.000201,,,0.000201,,0.000201,
61B-2.0,6,1,B,2,0,Sample,,03/20/2009,03/02/2009,275788400,24,103.1,41.750923,40210,384892,0.001396,0.001396,0.001396,0.000356,0.000078,0.000962,80.2,0.001318,109.8
61B-2.1,6,1,B,2,1,Sample,,03/20/2009,03/02/2009,275788400,24,103.1,41.750923,8868,81186,0.000294,0.000294,0.000294,0.000201,0.000078,0.000015,1.3,0.000216,18
61B-2.S,6,1,B,2,S,Sample,,03/20/2009,03/02/2009,275788400,24,103.1,41.750923,77262,771365,0.002797,0.002797,0.002797,0.000279,0.000078,0.002441,203.4,0.002719,226.6
61B-2.E,6,1,B,2,E,Sample,,03/20/2009,03/02/2009,275788400,24,103.1,41.750923,3715,27027,0.000098,0.000098,0.000098,0.000279,0.000078,-0.000259,-21.5,0.00002,1.7
61B-3.0c,6,1,B,3,0,control1,,03/20/2009,03/02/2009,275788400,24,103.1,41.750923,14852,158013,0.000573,0.000573,0.000573,,,0.000573,,0.000573,
61B-3.1c,6,1,B,3,1,control1,,03/20/2009,03/02/2009,275788400,24,103.1,41.750923,8602,87885,0.000319,0.000319,0.000319,,,0.000319,,0.000319,
61B-3.0,6,1,B,3,0,Sample,,03/20/2009,03/02/2009,275788400,24,103.1,41.750923,30012,284446,0.001031,0.001031,0.001031,0.000573,0.000078,0.00038,31.7,0.000953,79.4
61B-3.1,6,1,B,3,1,Sample,,03/20/2009,03/02/2009,275788400,24,103.1,41.750923,71137,729197,0.002644,0.002644,0.002644,0.000319,0.000078,0.002247,187.3,0.002566,213.8
61B-3.N,6,1,B,3,N,Sample,,03/20/2009,03/02/2009,275788400,24,103.1,41.750923,175959,1803402,0.006539,0.006539,0.006539,0.000446,0.000078,0.006015,501.3,0.006461,538.4
61B-3.W,6,1,B,3,W,Sample,,03/20/2009,03/02/2009,275788400,24,103.1,41.750923,5042,35756,0.00013,0.00013,0.00013,0.000446,0.000078,-0.000394,-32.8,0.000052,4.3
61B-4.0c,6,1,B,4,0,control1,,03/20/2009,03/02/2009,275788400,24,103,41.710427,6114,61468,0.000223,0.000223,0.000223,,,0.000223,,0.000223,
61B-4.1c,6,1,B,4,1,control1,,03/20/2009,03/02/2009,275788400,24,103,41.710427,5199,54490,0.000198,0.000198,0.000198,,,0.000198,,0.000198,
61B-4.0,6,1,B,4,0,Sample,,03/20/2009,03/02/2009,275788400,24,103,41.710427,36725,351303,0.001274,0.001274,0.001274,0.000223,0.000078,0.000973,81.1,0.001196,99.7
61B-4.1,6,1,B,4,1,Sample,,03/20/2009,03/02/2009,275788400,24,103,41.710427,65338,641136,0.002325,0.002325,0.002325,0.000198,0.000078,0.002049,170.8,0.002247,187.3
61B-4.S,6,1,B,4,S,Sample,,03/20/2009,03/02/2009,275788400,24,103,41.710427,35689,337801,0.001225,0.001225,0.001225,0.000211,0.000078,0.000937,78,0.001147,95.6
61B-4.W,6,1,B,4,W,Sample,,03/20/2009,03/02/2009,275788400,24,103,41.710427,2978,16760,0.000061,0.000061,0.000061,0.000211,0.000078,-0.000227,-19,-0.000017,-1.4
61C-1.0c,6,1,C,1,0,control1,,03/22/2009,03/02/2009,275788400,24,102.6,41.548445,4894,48800,0.000177,0.000177,0.000177,,,0.000177,,0.000177,
61C-1.1c,6,1,C,1,1,control1,,03/22/2009,03/02/2009,275788400,24,102.6,41.548445,14178,147572,0.000535,0.000535,0.000535,,,0.000535,,0.000535,
61C-1.0,6,1,C,1,0,Sample,,03/22/2009,03/02/2009,275788400,24,102.6,41.548445,2592,14850,0.000054,0.000054,0.000054,0.000177,0.000078,-0.000201,-16.7,-0.000024,-2
61C-1.1,6,1,C,1,1,Sample,,03/22/2009,03/02/2009,275788400,24,102.6,41.548445,154152,1533893,0.005562,0.005562,0.005562,0.000535,0.000078,0.004949,412.4,0.005484,457
61C-1.S,6,1,C,1,S,Sample,,03/22/2009,03/02/2009,275788400,24,102.6,41.548445,81904,790375,0.002866,0.002866,0.002866,0.000356,0.000078,0.002432,202.7,0.002788,232.4
61C-1.W,6,1,C,1,W,Sample,,03/22/2009,03/02/2009,275788400,24,102.6,41.548445,2915,19963,0.000072,0.000072,0.000072,0.000356,0.000078,-0.000362,-30.1,-0.000006,-0.5
61C-2.0c,6,1,C,2,0,control1,,03/22/2009,03/02/2009,275788400,24,102.6,41.548445,4083,40831,0.000148,0.000148,0.000148,,,0.000148,,0.000148,
61C-2.1c,6,1,C,2,1,control1,,03/22/2009,03/02/2009,275788400,24,102.6,41.548445,8263,83855,0.000304,0.000304,0.000304,,,0.000304,,0.000304,
61C-2.0,6,1,C,2,0,Sample,,03/22/2009,03/02/2009,275788400,24,102.6,41.548445,4986,36380,0.000132,0.000132,0.000132,0.000148,0.000078,-0.000094,-7.8,0.000054,4.5
61C-2.1,6,1,C,2,1,Sample,,03/22/2009,03/02/2009,275788400,24,102.6,41.548445,26139,242672,0.00088,0.00088,0.00088,0.000304,0.000078,0.000498,41.5,0.000802,66.9
61C-2.N,6,1,C,2,N,Sample,,03/22/2009,03/02/2009,275788400,24,102.6,41.548445,205719,2112208,0.007659,0.007659,0.007659,0.000226,0.000078,0.007355,612.9,0.007581,631.8
61C-2.W,6,1,C,2,W,Sample,,03/22/2009,03/02/2009,275788400,24,102.6,41.548445,8454,84316,0.000306,0.000306,0.000306,0.000226,0.000078,0.000002,0.2,0.000228,19
61C-3.0c,6,1,C,3,0,control1,,03/22/2009,03/02/2009,275788400,24,102.6,41.548445,3897,39469,0.000143,0.000143,0.000143,,,0.000143,,0.000143,
61C-3.1c,6,1,C,3,1,control1,,03/22/2009,03/02/2009,275788400,24,102.6,41.548445,11116,114809,0.000416,0.000416,0.000416,,,0.000416,,0.000416,
61C-3.0,6,1,C,3,0,Sample,,03/22/2009,03/02/2009,275788400,24,102.6,41.548445,2551,14526,0.000053,0.000053,0.000053,0.000143,0.000078,-0.000168,-14,-0.000025,-2.1
61C-3.1,6,1,C,3,1,Sample,,03/22/2009,03/02/2009,275788400,24,102.6,41.548445,327156,3311724,0.012008,0.012008,0.012008,0.000416,0.000078,0.011514,959.5,0.01193,994.2
61C-3.S,6,1,C,3,S,Sample,,03/22/2009,03/02/2009,275788400,24,102.6,41.548445,7473,74901,0.000272,0.000272,0.000272,0.00028,0.000078,-0.000085,-7.1,0.000194,16.2
61C-3.E,6,1,C,3,E,Sample,,03/22/2009,03/02/2009,275788400,24,102.6,41.548445,17949,161278,0.000585,0.000585,0.000585,0.00028,0.000078,0.000228,19,0.000507,42.3
61C-4.0c,6,1,C,4,0,control1,,03/22/2009,03/02/2009,275788400,24,102.6,41.548445,4377,44726,0.000162,0.000162,0.000162,,,0.000162,,0.000162,
61C-4.1c,6,1,C,4,1,control1,,03/22/2009,03/02/2009,275788400,24,102.6,41.548445,7006,70106,0.000254,0.000254,0.000254,,,0.000254,,0.000254,
61C-4.0,6,1,C,4,0,Sample,,03/22/2009,03/02/2009,275788400,24,102.6,41.548445,1999,11975,0.000043,0.000043,0.000043,0.000162,0.000078,-0.000197,-16.4,-0.000035,-2.9
61C-4.1,6,1,C,4,1,Sample,,03/22/2009,03/02/2009,275788400,24,102.6,41.548445,9572,90896,0.00033,0.00033,0.00033,0.000254,0.000078,-0.000002,-0.1,0.000252,21
61C-4.N,6,1,C,4,N,Sample,,03/22/2009,03/02/2009,275788400,24,102.6,41.548445,4851,35529,0.000129,0.000129,0.000129,0.000208,0.000078,-0.000157,-13.1,0.000051,4.3
61C-4.E,6,1,C,4,E,Sample,,03/22/2009,03/02/2009,275788400,24,102.6,41.548445,8185,62642,0.000227,0.000227,0.000227,0.000208,0.000078,-0.000059,-4.9,0.000149,12.4
71A-C2,7,1,A,-,-,Control2,,03/25/2009,03/02/2009,275788400,24,101.6,41.143489,2056,10085,0.000037,0.000037,0.000037,,,0.000037,,0.000037,
71A-1.0c,7,1,A,1,0,control1,,03/22/2009,03/02/2009,275788400,24,102.6,41.548445,8156,81261,0.000295,0.000295,0.000295,,,0.000295,,0.000295,
71A-1.1c,7,1,A,1,1,control1,,03/22/2009,03/02/2009,275788400,24,102.6,41.548445,7320,77275,0.00028,0.00028,0.00028,,,0.00028,,0.00028,
71A-1.0,7,1,A,1,0,Sample,,03/22/2009,03/02/2009,275788400,24,102.6,41.548445,31554,288232,0.001045,0.001045,0.001045,0.000295,0.000037,0.000713,59.4,0.001008,84
71A-1.1,7,1,A,1,1,Sample,,03/22/2009,03/02/2009,275788400,24,102.6,41.548445,160674,1623256,0.005886,0.005886,0.005886,0.00028,0.000037,0.005569,464.1,0.005849,487.4
71A-1.S,7,1,A,1,S,Sample,,03/22/2009,03/02/2009,275788400,24,102.6,41.548445,7349,55830,0.000202,0.000202,0.000202,0.000288,0.000037,-0.000123,-10.2,0.000165,13.7
71A-1.E,7,1,A,1,E,Sample,,03/22/2009,03/02/2009,275788400,24,102.6,41.548445,4173,28629,0.000104,0.000104,0.000104,0.000288,0.000037,-0.000221,-18.4,0.000067,5.6
71A-2.0c,7,1,A,2,0,control1,,03/22/2009,03/02/2009,275788400,23,102.5,41.648179,6561,65466,0.000237,0.000237,0.000237,,,0.000237,,0.000237,
71A-2.1c,7,1,A,2,1,control1,,03/22/2009,03/02/2009,275788400,23,102.5,41.648179,5119,50964,0.000185,0.000185,0.000185,,,0.000185,,0.000185,
71A-2.0,7,1,A,2,0,Sample,,03/22/2009,03/02/2009,275788400,23,102.5,41.648179,52367,479769,0.00174,0.00174,0.00174,0.000237,0.000037,0.001466,122.1,0.001703,141.9
71A-2.1,7,1,A,2,1,Sample,,03/22/2009,03/02/2009,275788400,23,102.5,41.648179,39205,359266,0.001303,0.001303,0.001303,0.000185,0.000037,0.001081,90,0.001266,105.5
71A-2.N,7,1,A,2,N,Sample,,03/22/2009,03/02/2009,275788400,23,102.5,41.648179,26563,239799,0.00087,0.00087,0.00087,0.000211,0.000037,0.000622,51.8,0.000833,69.4
71A-2.E,7,1,A,2,E,Sample,,03/22/2009,03/02/2009,275788400,23,102.5,41.648179,11079,103262,0.000374,0.000374,0.000374,0.000211,0.000037,0.000126,10.5,0.000337,28
71A-3.0c,7,1,A,3,0,control1,,03/23/2009,03/02/2009,275788400,23,102.8,41.770076,5031,51959,0.000188,0.000188,0.000188,,,0.000188,,0.000188,
71A-3.1c,7,1,A,3,1,control1,,03/23/2009,03/02/2009,275788400,23,102.8,41.770076,5580,57869,0.00021,0.00021,0.00021,,,0.00021,,0.00021,
71A-3.0,7,1,A,3,0,Sample,,03/23/2009,03/02/2009,275788400,23,102.8,41.770076,5115,52650,0.000191,0.000191,0.000191,0.000188,0.000038,-0.000035,-2.9,0.000153,12.8
71A-3.1,7,1,A,3,1,Sample,,03/23/2009,03/02/2009,275788400,23,102.8,41.770076,5311,52508,0.00019,0.00019,0.00019,0.00021,0.000038,-0.000058,-4.8,0.000152,12.7
71A-3.S,7,1,A,3,S,Sample,,03/23/2009,03/02/2009,275788400,23,102.8,41.770076,16814,151237,0.000548,0.000548,0.000548,0.000199,0.000038,0.000311,26,0.00051,42.5
71A-3.W,7,1,A,3,W,Sample,,03/23/2009,03/02/2009,275788400,23,102.8,41.770076,45649,428937,0.001555,0.001555,0.001555,0.000199,0.000038,0.001318,109.9,0.001517,126.5
71A-4.0c,7,1,A,4,0,control1,,03/23/2009,03/02/2009,275788400,23,102.8,41.770076,8512,86357,0.000313,0.000313,0.000313,,,0.000313,,0.000313,
71A-4.1c,7,1,A,4,1,control1,,03/23/2009,03/02/2009,275788400,23,102.8,41.770076,4442,43700,0.000158,0.000158,0.000158,,,0.000158,,0.000158,
71A-4.0,7,1,A,4,0,Sample,,03/23/2009,03/02/2009,275788400,23,102.8,41.770076,22594,205218,0.000744,0.000744,0.000744,0.000313,0.000038,0.000393,32.8,0.000706,58.9
71A-4.1,7,1,A,4,1,Sample,,03/23/2009,03/02/2009,275788400,23,102.8,41.770076,39645,380832,0.001381,0.001381,0.001381,0.000158,0.000038,0.001185,98.8,0.001343,112
71A-4.N,7,1,A,4,N,Sample,,03/23/2009,03/02/2009,275788400,23,102.9,41.810708,58698,547404,0.001985,0.001985,0.001985,0.000236,0.000038,0.001712,142.6,0.001947,162.3
71A-4.W,7,1,A,4,W,Sample,,03/23/2009,03/02/2009,275788400,23,102.9,41.810708,26752,271245,0.000984,0.000984,0.000984,0.000236,0.000038,0.000711,59.2,0.000946,78.9
71B-1.0c,7,1,B,1,0,control1,,03/24/2009,03/02/2009,275788400,24,103.6,41.953401,20195,205909,0.000747,0.000747,0.000747,,,0.000747,,0.000747,
71B-1.1c,7,1,B,1,1,control1,,03/24/2009,03/02/2009,275788400,24,103.6,41.953401,5568,57218,0.000207,0.000207,0.000207,,,0.000207,,0.000207,
71B-1.0,7,1,B,1,0,Sample,,03/24/2009,03/02/2009,275788400,24,103.5,41.912905,116789,1151608,0.004176,0.004176,0.004176,0.000746,0.000059,0.003371,280.9,0.004117,343.1
71B-1.1,7,1,B,1,1,Sample,,03/24/2009,03/02/2009,275788400,24,103.5,41.912905,28123,256388,0.00093,0.00093,0.00093,0.000207,0.000059,0.000665,55.4,0.000871,72.6
71B-1.S,7,1,B,1,S,Sample,,03/24/2009,03/02/2009,275788400,24,103.5,41.912905,24374,223172,0.000809,0.000809,0.000809,0.000477,0.000059,0.000274,22.8,0.00075,62.5
71B-1.E,7,1,B,1,E,Sample,,03/24/2009,03/02/2009,275788400,24,103.5,41.912905,31784,302817,0.001098,0.001098,0.001098,0.000477,0.000059,0.000563,46.9,0.001039,86.6
71B-2.0c,7,1,B,2,0,control1,,03/24/2009,03/02/2009,275788400,24,103.5,41.912905,8774,91936,0.000333,0.000333,0.000333,,,0.000333,,0.000333,
71B-2.1c,7,1,B,2,1,control1,,03/24/2009,03/02/2009,275788400,24,103.5,41.912905,6180,71183,0.000258,0.000258,0.000258,,,0.000258,,0.000258,
71B-2.0,7,1,B,2,0,Sample,,03/24/2009,03/02/2009,275788400,24,103.5,41.912905,11291,104940,0.000381,0.000381,0.000381,0.000333,0.000059,-0.000011,-0.9,0.000322,26.9
71B-2.1,7,1,B,2,1,Sample,,03/24/2009,03/02/2009,275788400,24,103.5,41.912905,41030,383964,0.001392,0.001392,0.001392,0.000258,0.000059,0.001075,89.6,0.001333,111.1
71B-2.N,7,1,B,2,N,Sample,,03/24/2009,03/02/2009,275788400,24,103.5,41.912905,4878,54575,0.000198,0.000198,0.000198,0.000296,0.000059,-0.000156,-13,0.000139,11.6
71B-2.W,7,1,B,2,W,Sample,,03/24/2009,03/02/2009,275788400,24,103.4,41.872409,4459,33863,0.000123,0.000123,0.000123,0.000295,0.000059,-0.000231,-19.2,0.000064,5.4
71B-3.0c,7,1,B,3,0,control1,,03/24/2009,03/02/2009,275788400,24,103.4,41.872409,7181,76605,0.000278,0.000278,0.000278,,,0.000278,,0.000278,
71B-3.1c,7,1,B,3,1,control1,,03/24/2009,03/02/2009,275788400,24,103.4,41.872409,5963,57620,0.000209,0.000209,0.000209,,,0.000209,,0.000209,
71B-3.0,7,1,B,3,0,Sample,,03/24/2009,03/02/2009,275788400,24,103.4,41.872409,181446,1860030,0.006744,0.006744,0.006744,0.000278,0.000059,0.006407,534,0.006685,557.1
71B-3.1,7,1,B,3,1,Sample,,03/24/2009,03/02/2009,275788400,24,103.4,41.872409,9706,91844,0.000333,0.000333,0.000333,0.000209,0.000059,0.000065,5.5,0.000274,22.9
71B-3.S,7,1,B,3,S,Sample,,03/24/2009,03/02/2009,275788400,24,103.4,41.872409,51892,497322,0.001803,0.001803,0.001803,0.000244,0.000059,0.001501,125.1,0.001744,145.4
71B-3.W,7,1,B,3,W,Sample,,03/24/2009,03/02/2009,275788400,24,103.4,41.872409,133993,1375480,0.004987,0.004987,0.004987,0.000244,0.000059,0.004685,390.4,0.004928,410.7
71B-4.0c,7,1,B,4,0,control1,,03/24/2009,03/02/2009,275788400,24,103.4,41.872409,7040,113135,0.00041,0.00041,0.00041,,,0.00041,,0.00041,
71B-4.1c,7,1,B,4,1,control1,,03/24/2009,03/02/2009,275788400,24,103.4,41.872409,5702,82623,0.0003,0.0003,0.0003,,,0.0003,,0.0003,
71B-4.0,7,1,B,4,0,Sample,,03/24/2009,03/02/2009,275788400,24,103.4,41.872409,3868,28382,0.000103,0.000103,0.000103,0.00041,0.000059,-0.000366,-30.5,0.000044,3.7
71B-4.1,7,1,B,4,1,Sample,,03/24/2009,03/02/2009,275788400,24,103.4,41.872409,3345,42507,0.000154,0.000154,0.000154,0.0003,0.000059,-0.000205,-17,0.000095,8
71B-4.N,7,1,B,4,N,Sample,,03/24/2009,03/02/2009,275788400,24,103.3,41.831914,2106,29646,0.000107,0.000107,0.000107,0.000355,0.000058,-0.000306,-25.5,0.000049,4
71B-4.E,7,1,B,4,E,Sample,,03/24/2009,03/02/2009,275788400,24,103.3,41.831914,13415,123134,0.000446,0.000446,0.000446,0.000355,0.000058,0.000033,2.7,0.000388,32.3
71C-C2,7,1,C,-,-,Control2,,03/25/2009,03/02/2009,275788400,24,101.6,41.143489,3524,21391,0.000078,0.000078,0.000078,,,0.000078,,0.000078,
71C-1.0c,7,1,C,1,0,control1,,03/25/2009,03/02/2009,275788400,24,102.4,41.467454,4786,49698,0.00018,0.00018,0.00018,,,0.00018,,0.00018,
71C-1.1c,7,1,C,1,1,control1,,03/25/2009,03/02/2009,275788400,24,102.4,41.467454,4764,48930,0.000177,0.000177,0.000177,,,0.000177,,0.000177,
71C-1.0,7,1,C,1,0,Sample,,03/25/2009,03/02/2009,275788400,24,102.4,41.467454,10866,99971,0.000362,0.000362,0.000362,0.00018,0.000079,0.000103,8.6,0.000283,23.6
71C-1.1,7,1,C,1,1,Sample,,03/25/2009,03/02/2009,275788400,24,102.4,41.467454,6752,50523,0.000183,0.000183,0.000183,0.000177,0.000079,-0.000073,-6.1,0.000104,8.7
71C-1.S,7,1,C,1,S,Sample,,03/25/2009,03/02/2009,275788400,24,102.4,41.467454,55984,532991,0.001933,0.001933,0.001933,0.000179,0.000079,0.001676,139.7,0.001854,154.5
71C-1.W,7,1,C,1,W,Sample,,03/25/2009,03/02/2009,275788400,24,102.4,41.467454,3654,46838,0.00017,0.00017,0.00017,0.000179,0.000079,-0.000087,-7.3,0.000091,7.6
71C-2.0c,7,1,C,2,0,control1,,03/25/2009,03/02/2009,275788400,24,102.4,41.467454,5142,50430,0.000183,0.000183,0.000183,,,0.000183,,0.000183,
71C-2.1c,7,1,C,2,1,control1,,03/25/2009,03/02/2009,275788400,24,102.4,41.467454,9916,101604,0.000368,0.000368,0.000368,,,0.000368,,0.000368,
71C-2.0,7,1,C,2,0,Sample,,03/25/2009,03/02/2009,275788400,24,102.3,41.426958,1876,10781,0.000039,0.000039,0.000039,0.000183,0.000079,-0.000222,-18.5,-0.00004,-3.3
71C-2.1,7,1,C,2,1,Sample,,03/25/2009,03/02/2009,275788400,24,102.3,41.426958,37099,331358,0.001201,0.001201,0.001201,0.000368,0.000079,0.000755,62.9,0.001122,93.5
71C-2.N,7,1,C,2,N,Sample,,03/25/2009,03/02/2009,275788400,24,102.3,41.426958,38721,429684,0.001558,0.001558,0.001558,0.000275,0.000079,0.001204,100.4,0.001479,123.3
71C-2.E,7,1,C,2,E,Sample,,03/25/2009,03/02/2009,275788400,24,102.3,41.426958,1170,3927,0.000014,0.000014,0.000014,0.000275,0.000079,-0.00034,-28.3,-0.000065,-5.4
71C-3.0c,7,1,C,3,0,control1,,03/26/2009,03/02/2009,275788400,24,101.7,41.183985,4642,45915,0.000166,0.000166,0.000166,,,0.000166,,0.000166,
71C-3.1c,7,1,C,3,1,control1,,03/26/2009,03/02/2009,275788400,24,101.7,41.183985,20134,203062,0.000736,0.000736,0.000736,,,0.000736,,0.000736,
71C-3.0,7,1,C,3,0,Sample,,03/26/2009,03/02/2009,275788400,24,101.7,41.183985,3531,22190,0.00008,0.00008,0.00008,0.000166,0.000078,-0.000164,-13.7,0.000002,0.2
71C-3.1,7,1,C,3,1,Sample,,03/26/2009,03/02/2009,275788400,24,101.7,41.183985,180110,1786363,0.006477,0.006477,0.006477,0.000736,0.000078,0.005663,471.9,0.006399,533.2
71C-3.S,7,1,C,3,S,Sample,,03/26/2009,03/02/2009,275788400,24,101.6,41.143489,18344,163492,0.000593,0.000593,0.000593,0.000451,0.000078,0.000064,5.4,0.000515,42.9
71C-3.E,7,1,C,3,E,Sample,,03/26/2009,03/02/2009,275788400,24,101.6,41.143489,3570,24396,0.000088,0.000088,0.000088,0.000451,0.000078,-0.000441,-36.7,0.00001,0.8
71C-4.0c,7,1,C,4,0,control1,,03/26/2009,03/02/2009,275788400,24,101.6,41.143489,4105,40264,0.000146,0.000146,0.000146,,,0.000146,,0.000146,
71C-4.1c,7,1,C,4,1,control1,,03/26/2009,03/02/2009,275788400,24,101.6,41.143489,16247,162301,0.000588,0.000588,0.000588,,,0.000588,,0.000588,
71C-4.0,7,1,C,4,0,Sample,,03/26/2009,03/02/2009,275788400,24,101.5,41.102994,2851,18287,0.000066,0.000066,0.000066,0.000146,0.000078,-0.000158,-13.1,-0.000012,-1
71C-4.1,7,1,C,4,1,Sample,,03/26/2009,03/02/2009,275788400,24,101.5,41.102994,77134,754172,0.002735,0.002735,0.002735,0.000587,0.000078,0.00207,172.5,0.002657,221.4
71C-4.N,7,1,C,4,N,Sample,,03/26/2009,03/02/2009,275788400,24,101.5,41.102994,6434,48069,0.000174,0.000174,0.000174,0.000367,0.000078,-0.000271,-22.5,0.000096,8
71C-4.W,7,1,C,4,W,Sample,,03/26/2009,03/02/2009,275788400,24,101.5,41.102994,2600,14817,0.000054,0.000054,0.000054,0.000367,0.000078,-0.000391,-32.5,-0.000024,-2
81A-C2,8,1,A,-,-,Control2,,04/03/2009,03/02/2009,275788400,24,99.4,40.252587,2831,18768,0.000068,0.000068,0.000068,,,0.000068,,0.000068,
81A-1.0c,8,1,A,1,0,control1,,04/02/2009,03/02/2009,275788400,24,101.3,41.022003,4253,43107,0.000156,0.000156,0.000156,,,0.000156,,0.000156,
81A-1.1c,8,1,A,1,1,control1,,04/02/2009,03/02/2009,275788400,24,101.3,41.022003,4166,42774,0.000155,0.000155,0.000155,,,0.000155,,0.000155,
81A-1.0,8,1,A,1,0,Sample,,04/02/2009,03/02/2009,275788400,24,101.3,41.022003,5076,37213,0.000135,0.000135,0.000135,0.000156,0.000069,-0.00009,-7.5,0.000066,5.5
81A-1.1,8,1,A,1,1,Sample,,04/02/2009,03/02/2009,275788400,24,101.3,41.022003,10316,95000,0.000344,0.000344,0.000344,0.000155,0.000069,0.00012,10,0.000275,22.9
81A-1.S,8,1,A,1,S,Sample,,04/02/2009,03/02/2009,275788400,24,101.3,41.022003,40978,389294,0.001412,0.001412,0.001412,0.000156,0.000069,0.001187,98.9,0.001343,111.9
81A-1.W,8,1,A,1,W,Sample,,04/02/2009,03/02/2009,275788400,24,101.3,41.022003,6684,66810,0.000242,0.000242,0.000242,0.000156,0.000069,0.000017,1.4,0.000173,14.4
81A-2.0c,8,1,A,2,0,control1,,04/02/2009,03/02/2009,275788400,24,101.3,41.022003,3963,38753,0.000141,0.000141,0.000141,,,0.000141,,0.000141,
81A-2.1c,8,1,A,2,1,control1,,04/03/2009,03/02/2009,275788400,23,100.3,40.754267,6204,64568,0.000234,0.000234,0.000234,,,0.000234,,0.000234,
81A-2.0,8,1,A,2,0,Sample,,04/03/2009,03/02/2009,275788400,23,100.3,40.754267,2693,16958,0.000061,0.000061,0.000061,0.00014,0.000069,-0.000148,-12.3,-0.000008,-0.7
81A-2.1,8,1,A,2,1,Sample,,04/03/2009,03/02/2009,275788400,23,100.3,40.754267,9226,87118,0.000316,0.000316,0.000316,0.000234,0.000069,0.000013,1.1,0.000247,20.6
81A-2.N,8,1,A,2,N,Sample,,04/03/2009,03/02/2009,275788400,23,100.3,40.754267,10499,96523,0.00035,0.00035,0.00035,0.000187,0.000069,0.000094,7.9,0.000281,23.4
81A-2.E,8,1,A,2,E,Sample,,04/03/2009,03/02/2009,275788400,23,100.3,40.754267,10557,93985,0.000341,0.000341,0.000341,0.000187,0.000069,0.000085,7.1,0.000272,22.7
81A-3.0c,8,1,A,3,0,control1,,04/03/2009,03/02/2009,275788400,24,100.1,40.536056,7178,72394,0.000262,0.000262,0.000262,,,0.000262,,0.000262,
81A-3.1c,8,1,A,3,1,control1,,04/03/2009,03/02/2009,275788400,24,99.8,40.414569,4015,41307,0.00015,0.00015,0.00015,,,0.00015,,0.00015,
81A-3.0,8,1,A,3,0,Sample,,04/03/2009,03/02/2009,275788400,24,99.8,40.414569,20882,188867,0.000685,0.000685,0.000685,0.000261,0.000068,0.000356,29.6,0.000617,51.4
81A-3.1,8,1,A,3,1,Sample,,04/03/2009,03/02/2009,275788400,24,99.8,40.414569,3765,37348,0.000135,0.000135,0.000135,0.00015,0.000068,-0.000083,-6.9,0.000067,5.6
81A-3.S,8,1,A,3,S,Sample,,04/03/2009,03/02/2009,275788400,24,99.8,40.414569,2126,13440,0.000049,0.000049,0.000049,0.000206,0.000068,-0.000225,-18.7,-0.000019,-1.6
81A-3.E,8,1,A,3,E,Sample,,04/03/2009,03/02/2009,275788400,24,99.7,40.374074,5766,43739,0.000159,0.000159,0.000159,0.000205,0.000068,-0.000115,-9.6,0.000091,7.6
81A-4.0c,8,1,A,4,0,control1,,04/03/2009,03/02/2009,275788400,24,99.7,40.374074,4136,40910,0.000148,0.000148,0.000148,,,0.000148,,0.000148,
81A-4.1c,8,1,A,4,1,control1,,04/03/2009,03/02/2009,275788400,24,99.7,40.374074,4405,45498,0.000165,0.000165,0.000165,,,0.000165,,0.000165,
81A-4.0,8,1,A,4,0,Sample,,04/03/2009,03/02/2009,275788400,24,99.7,40.374074,4981,35095,0.000127,0.000127,0.000127,0.000148,0.000068,-0.000089,-7.4,0.000059,4.9
81A-4.1,8,1,A,4,1,Sample,,04/03/2009,03/02/2009,275788400,24,99.6,40.333578,5902,57303,0.000208,0.000208,0.000208,0.000165,0.000068,-0.000025,-2.1,0.00014,11.7
81A-4.N,8,1,A,4,N,Sample,,04/03/2009,03/02/2009,275788400,24,99.5,40.293083,24971,231263,0.000839,0.000839,0.000839,0.000156,0.000068,0.000615,51.2,0.000771,64.2
81A-4.W,8,1,A,4,W,Sample,,04/03/2009,03/02/2009,275788400,24,99.4,40.252587,1756,21107,0.000077,0.000077,0.000077,0.000156,0.000068,-0.000147,-12.3,0.000009,0.8
81B-C2,8,1,B,-,-,Control2,,03/30/2009,03/02/2009,275788400,23,100.8,40.957429,1276,6922,0.000025,0.000025,0.000025,,,0.000025,,0.000025,
81B-1.0c,8,1,B,1,0,control1,,03/30/2009,03/02/2009,275788400,23,100.1,40.673002,4220,40719,0.000148,0.000148,0.000148,,,0.000148,,0.000148,
81B-1.1c,8,1,B,1,1,control1,,03/30/2009,03/02/2009,275788400,23,100.2,40.713634,6319,63710,0.000231,0.000231,0.000231,,,0.000231,,0.000231,
81B-1.0,8,1,B,1,0,Sample,,03/30/2009,03/02/2009,275788400,23,100.2,40.713634,1582,9616,0.000035,0.000035,0.000035,0.000148,0.000025,-0.000138,-11.5,0.00001,0.8
81B-1.1,8,1,B,1,1,Sample,,03/30/2009,03/02/2009,275788400,23,100.2,40.713634,11309,105574,0.000383,0.000383,0.000383,0.000231,0.000025,0.000127,10.6,0.000358,29.8
81B-1.N,8,1,B,1,N,Sample,,03/30/2009,03/02/2009,275788400,23,100.3,40.754267,12033,112870,0.000409,0.000409,0.000409,0.00019,0.000025,0.000194,16.2,0.000384,32
81B-1.W,8,1,B,1,W,Sample,,03/30/2009,03/02/2009,275788400,23,100.3,40.754267,2739,16435,0.00006,0.00006,0.00006,0.00019,0.000025,-0.000155,-12.9,0.000035,2.9
81B-2.0c,8,1,B,2,0,control1,,03/30/2009,03/02/2009,275788400,23,100.3,40.754267,4366,44875,0.000163,0.000163,0.000163,,,0.000163,,0.000163,
81B-2.1c,8,1,B,2,1,control1,,03/30/2009,03/02/2009,275788400,23,100.4,40.794899,6851,67307,0.000244,0.000244,0.000244,,,0.000244,,0.000244,
81B-2.0,8,1,B,2,0,Sample,,03/30/2009,03/02/2009,275788400,23,100.4,40.794899,4847,61580,0.000223,0.000223,0.000223,0.000163,0.000025,0.000035,2.9,0.000198,16.5
81B-2.1,8,1,B,2,1,Sample,,03/30/2009,03/02/2009,275788400,23,100.4,40.794899,21016,186447,0.000676,0.000676,0.000676,0.000244,0.000025,0.000407,33.9,0.000651,54.3
81B-2.N,8,1,B,2,N,Sample,,03/30/2009,03/02/2009,275788400,23,100.4,40.794899,7011,74525,0.00027,0.00027,0.00027,0.000204,0.000025,0.000041,3.5,0.000245,20.4
81B-2.E,8,1,B,2,E,Sample,,03/30/2009,03/02/2009,275788400,23,100.4,40.794899,11596,103168,0.000374,0.000374,0.000374,0.000204,0.000025,0.000145,12.1,0.000349,29.1
81B-3.0c,8,1,B,3,0,control1,,03/30/2009,03/02/2009,275788400,24,100.5,40.698038,4104,38837,0.000141,0.000141,0.000141,,,0.000141,,0.000141,
81B-3.1c,8,1,B,3,1,control1,,03/30/2009,03/02/2009,275788400,24,100.5,40.698038,7080,71128,0.000258,0.000258,0.000258,,,0.000258,,0.000258,
81B-3.0,8,1,B,3,0,Sample,,03/30/2009,03/02/2009,275788400,24,100.5,40.698038,5488,39018,0.000141,0.000141,0.000141,0.000141,0.000025,-0.000025,-2.1,0.000116,9.7
81B-3.1,8,1,B,3,1,Sample,,03/30/2009,03/02/2009,275788400,24,100.6,40.738534,48183,451343,0.001637,0.001637,0.001637,0.000258,0.000025,0.001354,112.8,0.001612,134.3
81B-3.S,8,1,B,3,S,Sample,,03/30/2009,03/02/2009,275788400,24,100.6,40.738534,2893,15858,0.000058,0.000058,0.000058,0.0002,0.000025,-0.000167,-13.9,0.000033,2.8
81B-3.W,8,1,B,3,W,Sample,,03/30/2009,03/02/2009,275788400,24,100.7,40.779029,2393,15200,0.000055,0.000055,0.000055,0.0002,0.000025,-0.00017,-14.1,0.00003,2.5
81B-4.0c,8,1,B,4,0,control1,,03/30/2009,03/02/2009,275788400,24,100.7,40.779029,4276,43880,0.000159,0.000159,0.000159,,,0.000159,,0.000159,
81B-4.1c,8,1,B,4,1,control1,,03/30/2009,03/02/2009,275788400,24,100.7,40.779029,6206,61946,0.000225,0.000225,0.000225,,,0.000225,,0.000225,
81B-4.0,8,1,B,4,0,Sample,,03/30/2009,03/02/2009,275788400,24,100.7,40.779029,15208,137793,0.0005,0.0005,0.0005,0.000159,0.000025,0.000316,26.3,0.000475,39.6
81B-4.1,8,1,B,4,1,Sample,,03/30/2009,03/02/2009,275788400,23,100.7,40.916796,12160,112714,0.000409,0.000409,0.000409,0.000226,0.000025,0.000158,13.2,0.000384,32
81B-4.S,8,1,B,4,S,Sample,,03/30/2009,03/02/2009,275788400,23,100.8,40.957429,2104,9890,0.000036,0.000036,0.000036,0.000193,0.000025,-0.000182,-15.2,0.000011,0.9
81B-4.E,8,1,B,4,E,Sample,,03/30/2009,03/02/2009,275788400,23,100.8,40.957429,3422,21188,0.000077,0.000077,0.000077,0.000193,0.000025,-0.000141,-11.7,0.000052,4.3
81C-C2,8,1,C,-,-,Control2,,03/30/2009,03/02/2009,275788400,23,100.1,40.673002,1418,6996,0.000025,0.000025,0.000025,,,0.000025,,0.000025,
81C-1.0c,8,1,C,1,0,control1,,03/27/2009,03/02/2009,275788400,24,101.4,41.062498,4590,45016,0.000163,0.000163,0.000163,,,0.000163,,0.000163,
81C-1.1c,8,1,C,1,1,control1,,03/27/2009,03/02/2009,275788400,24,101.4,41.062498,4210,44202,0.00016,0.00016,0.00016,,,0.00016,,0.00016,
81C-1.0,8,1,C,1,0,Sample,,03/27/2009,03/02/2009,275788400,24,101.4,41.062498,3629,25370,0.000092,0.000092,0.000092,0.000163,0.000025,-0.000096,-8,0.000067,5.6
81C-1.1,8,1,C,1,1,Sample,,03/27/2009,03/02/2009,275788400,24,101.4,41.062498,2790,14917,0.000054,0.000054,0.000054,0.00016,0.000025,-0.000131,-10.9,0.000029,2.4
81C-1.N,8,1,C,1,N,Sample,,03/27/2009,03/02/2009,275788400,24,101.4,41.062498,2594,16269,0.000059,0.000059,0.000059,0.000162,0.000025,-0.000128,-10.6,0.000034,2.8
81C-1.W,8,1,C,1,W,Sample,,03/27/2009,03/02/2009,275788400,24,101.4,41.062498,6473,47785,0.000173,0.000173,0.000173,0.000162,0.000025,-0.000014,-1.1,0.000148,12.3
81C-2.0c,8,1,C,2,0,control1,,03/27/2009,03/02/2009,275788400,24,101.4,41.062498,5407,60771,0.00022,0.00022,0.00022,,,0.00022,,0.00022,
81C-2.1c,8,1,C,2,1,control1,,03/27/2009,03/02/2009,275788400,24,101.4,41.062498,7331,70330,0.000255,0.000255,0.000255,,,0.000255,,0.000255,
81C-2.0,8,1,C,2,0,Sample,,03/27/2009,03/02/2009,275788400,24,101.4,41.062498,2289,14562,0.000053,0.000053,0.000053,0.00022,0.000025,-0.000192,-16,0.000028,2.3
81C-2.1,8,1,C,2,1,Sample,,03/27/2009,03/02/2009,275788400,24,101.4,41.062498,20383,182328,0.000661,0.000661,0.000661,0.000255,0.000025,0.000381,31.7,0.000636,53
81C-2.S,8,1,C,2,S,Sample,,03/27/2009,03/02/2009,275788400,24,101.4,41.062498,2296,13532,0.000049,0.000049,0.000049,0.000238,0.000025,-0.000214,-17.8,0.000024,2
81C-2.W,8,1,C,2,W,Sample,,03/27/2009,03/02/2009,275788400,24,101.4,41.062498,3152,20592,0.000075,0.000075,0.000075,0.000238,0.000025,-0.000188,-15.6,0.00005,4.1
81C-3.0c,8,1,C,3,0,control1,,03/27/2009,03/02/2009,275788400,24,101.5,41.102994,4158,61784,0.000224,0.000224,0.000224,,,0.000224,,0.000224,
81C-3.1c,8,1,C,3,1,control1,,03/27/2009,03/02/2009,275788400,24,101.5,41.102994,6757,66728,0.000242,0.000242,0.000242,,,0.000242,,0.000242,
81C-3.0,8,1,C,3,0,Sample,,03/27/2009,03/02/2009,275788400,24,101.5,41.102994,2431,14676,0.000053,0.000053,0.000053,0.000224,0.000025,-0.000196,-16.4,0.000028,2.3
81C-3.1,8,1,C,3,1,Sample,,03/27/2009,03/02/2009,275788400,24,101.5,41.102994,11872,107371,0.000389,0.000389,0.000389,0.000242,0.000025,0.000122,10.1,0.000364,30.3
81C-3.S,8,1,C,3,S,Sample,,03/27/2009,03/02/2009,275788400,24,101.5,41.102994,5563,41787,0.000152,0.000152,0.000152,0.000233,0.000025,-0.000106,-8.9,0.000127,10.6
81C-3.E,8,1,C,3,E,Sample,,03/27/2009,03/02/2009,275788400,24,101.5,41.102994,9045,84876,0.000308,0.000308,0.000308,0.000233,0.000025,0.00005,4.1,0.000283,23.6
81C-4.0c,8,1,C,4,0,control1,,03/30/2009,03/02/2009,275788400,23,100,40.63237,6409,62864,0.000228,0.000228,0.000228,,,0.000228,,0.000228,
81C-4.1c,8,1,C,4,1,control1,,03/30/2009,03/02/2009,275788400,23,100,40.63237,4742,49595,0.00018,0.00018,0.00018,,,0.00018,,0.00018,
81C-4.0,8,1,C,4,0,Sample,,03/30/2009,03/02/2009,275788400,22,100,40.770107,1527,7395,0.000027,0.000027,0.000027,0.000229,0.000025,-0.000227,-18.9,0.000002,0.2
81C-4.1,8,1,C,4,1,Sample,,03/30/2009,03/02/2009,275788400,23,100.1,40.673002,40001,374724,0.001359,0.001359,0.001359,0.00018,0.000025,0.001154,96.2,0.001334,111.2
81C-4.N,8,1,C,4,N,Sample,,03/30/2009,03/02/2009,275788400,23,100.1,40.673002,4415,30228,0.00011,0.00011,0.00011,0.000204,0.000025,-0.000119,-9.9,0.000085,7.1
81C-4.E,8,1,C,4,E,Sample,,03/30/2009,03/02/2009,275788400,23,100.1,40.673002,7070,54166,0.000196,0.000196,0.000196,0.000204,0.000025,-0.000033,-2.8,0.000171,14.3