Sample,Block,Time,Chamber,Fragmentation,position,Date,Total Dry wt,CB Dry wt,thread wt,Thread shoot,Sample Dry wt,Count #,# lg squares,Calothrix-V,Calothrix-H,Nostoc-V,Nostoc-H,Stigonema-V,Stigonema-H,single-cells (spp.),Other,Notes,Counter,Total.cells,Total.h
11A-4.0,1,1,A,4,0,2009-09-28,399.2,26.2,,,399.2,1,9,0,0,0,0,9,1,0,0,,MM,10,1
11A-4.0,1,1,A,4,0,2009-09-28,399.2,26.2,,,399.2,2,100,0,0,0,0,22,2,0,0,all off-grid,MM,24,2
11A-3.W,1,1,A,3,W,2009-09-28,281.8,29.4,,,281.8,1,100,0,0,15,4,24,4,1,0,all off-grid,MM,48,8
11A-3.W,1,1,A,3,W,2009-09-28,281.8,29.4,,,281.8,2,100,0,0,0,0,26,2,0,0,off-grid / spaghetti,MM,28,2
11A-4.N,1,1,A,4,N,2009-09-28,450.1,32.8,,,450.1,1,9,0,0,0,0,0,0,0,0,,MM,0,0
11A-4.N,1,1,A,4,N,2009-09-28,450.1,32.8,,,450.1,2,9,0,0,0,0,0,0,0,0,,MM,0,0
11A-3.0,1,1,A,3,0,2009-09-28,488.8,52.6,,,488.8,1,9,0,0,0,0,8,1,1,1,,MM,11,1
11A-3.0,1,1,A,3,0,2009-09-28,488.8,52.6,,,488.8,2,100,0,0,0,0,12,1,0,0,all off-grid,MM,13,1
11A-3.N,1,1,A,3,N,2009-09-28,468.7,52.0,,,468.7,1,9,0,0,4,1,67,5,2,4,,MM,83,6
11A-3.N,1,1,A,3,N,2009-09-28,468.7,52.0,,,468.7,2,9,0,0,14,1,10,2,0,2,,MM,29,3
11A-2.1,1,1,A,2,1,2009-09-28,392.6,46.7,,,392.6,1,9,0,0,2,1,2,0,1,0,,MM,6,1
11A-2.1,1,1,A,2,1,2009-09-28,392.6,46.7,,,392.6,2,9,0,0,0,0,7,0,7,3,,MM,17,0
11A-2.S,1,1,A,2,S,2009-09-28,440.5,51.5,,,440.5,1,9,0,0,0,0,5,0,0,0,,MM,5,0
11A-2.S,1,1,A,2,S,2009-09-28,440.5,51.5,,,440.5,2,9,0,0,0,0,6,1,2,1,,MM,10,1
11A-2.0,1,1,A,2,0,2009-09-28,404.4,47.6,,,404.4,1,9,0,0,0,0,0,0,2,0,,MM,2,0
11A-2.0,1,1,A,2,0,2009-09-28,404.4,47.6,,,404.4,2,100,0,0,0,0,0,0,1,0,,MM,1,0
11A-4.1,1,1,A,4,1,2009-09-28,223.8,35.9,,,223.8,1,9,0,0,4,1,10,0,4,1,,MM,20,1
11A-4.1,1,1,A,4,1,2009-09-28,223.8,35.9,,,223.8,2,9,0,0,17,2,2,1,1,0,,MM,23,3
11A-1.1,1,1,A,1,1,2009-09-28,387.5,49.7,,,387.5,1,9,0,0,4,1,180,16,1,0,many young stigonema,MM,202,17
11A-1.1,1,1,A,1,1,2009-09-28,387.5,49.7,,,387.5,2,9,0,0,4,2,95,9,0,2,young trichome + pic' (?).  Re-named W->E,MM,112,11
11A-4.E,1,1,A,4,E,2009-09-28,256.2,34.8,,,256.2,1,9,0,0,5,0,9,0,1,0,single/double cells.  Re-named W->E,MM,15,0
11A-4.E,1,1,A,4,E,2009-09-28,256.2,34.8,,,256.2,2,9,0,0,5,1,0,0,1,0,,MM,7,1
11A-3.1,1,1,A,3,1,2009-09-28,369.6,59.4,,,369.6,1,9,0,0,0,0,54,5,2,1,,MM,62,5
11A-3.1,1,1,A,3,1,2009-09-28,369.6,59.4,,,369.6,2,9,0,0,0,0,44,3,0,2,,MM,49,3
21B-3.0,2,1,B,3,0,2009-09-28,398.5,51.0,,,398.5,1,9,0,0,0,0,10,2,0,0,,MM,12,2
21B-3.0,2,1,B,3,0,2009-09-28,398.5,51.0,,,398.5,2,9,0,0,0,0,16,5,0,0,,MM,21,5
21B-3.S,2,1,B,3,S,2009-09-28,963.5,38.9,,,963.5,1,9,0,0,0,0,8,1,1,0,,MM,10,1
21B-3.S,2,1,B,3,S,2009-09-28,963.5,38.9,,,963.5,2,9,0,0,0,0,15,2,1,0,,MM,18,2
21C-2.0,2,1,C,2,0,2009-09-28,702.0,47.0,,,702.0,1,9,0,0,0,0,14,0,3,0,,MM,17,0
21C-2.0,2,1,C,2,0,2009-09-28,702.0,47.0,,,702.0,2,9,0,0,0,0,15,0,1,0,,MM,16,0
21A-3.1,2,1,A,3,1,2009-09-28,701.5,62.2,,,701.5,1,9,0,0,0,0,0,0,0,3,,MM,3,0
21A-3.1,2,1,A,3,1,2009-09-28,701.5,62.2,,,701.5,2,9,0,0,0,0,3,0,1,0,,MM,4,0
21A-4.0,2,1,A,4,0,2009-09-28,645.2,45.6,,,645.2,1,9,0,0,0,0,0,0,1,0,,MM,1,0
21A-4.0,2,1,A,4,0,2009-09-28,645.2,45.6,,,645.2,2,9,0,0,0,0,0,0,0,0,,MM,0,0
11A-1.0,1,1,A,1,0,2009-09-28,260.4,30.1,,,260.4,1,9,0,0,0,0,1,0,1,1,,MM,3,0
11A-1.0,1,1,A,1,0,2009-09-28,260.4,30.1,,,260.4,2,9,0,0,0,0,37,2,0,0,a bundle had 31N,MM,39,2
21C-3.0,2,1,C,3,0,2009-09-28,1171.8,69.2,,,1171.8,1,9,0,0,0,0,0,0,2,0,very dirty/debris,MM,2,0
21C-3.0,2,1,C,3,0,2009-09-28,1171.8,69.2,,,1171.8,2,9,0,0,0,0,0,0,0,0,very dirty/debris,MM,0,0
21C-1.N,2,1,C,1,N,2009-09-28,696.0,67.6,,,696.0,1,9,0,0,0,0,5,0,0,0,young / rockq[?],MM,5,0
21C-1.N,2,1,C,1,N,2009-09-28,696.0,67.6,,,696.0,2,9,0,0,0,0,12,0,3,1,young/hetercosysts,MM,16,0
21A-1.1,2,1,A,1,1,2009-09-28,572.6,85.1,,,572.6,1,9,0,0,0,0,4,2,0,0,,MM,6,2
21A-1.1,2,1,A,1,1,2009-09-28,572.6,85.1,,,572.6,2,9,0,0,0,0,11,1,0,0,,MM,12,1
21C-4.S,2,1,C,4,S,2009-09-28,640.8,56.6,,,640.8,1,9,0,0,0,0,5,1,2,0,Re-named ID N->S,MM,8,1
21C-4.S,2,1,C,4,S,2009-09-28,640.8,56.6,,,640.8,2,9,0,0,0,0,3,1,2,0,light glow no curve.  Re-named ID N->S,MM,6,1
11C-3.N,1,1,C,3,N,2009-09-28,516.9,63.6,,,516.9,1,9,0,0,10,2,272,33,4,0,,MM,321,35
11C-3.N,1,1,C,3,N,2009-09-28,516.9,63.6,,,516.9,2,9,0,0,9,0,162,12,0,0,,MM,183,12
11C-1.1,1,1,C,1,1,2009-09-28,703.7,52.0,,,703.7,1,9,0,0,0,0,40,7,0,0,,MM,47,7
11C-1.1,1,1,C,1,1,2009-09-28,703.7,52.0,,,703.7,2,9,0,0,0,0,154,4,0,0,,MM,158,4
11C-4.1,1,1,C,4,1,2009-09-28,823.6,60.2,,,823.6,1,100,0,0,0,0,14,1,0,0,lump of 100+ stigonema?,MM,15,1
11C-4.1,1,1,C,4,1,2009-09-28,823.6,60.2,,,823.6,2,9,0,0,0,0,8,2,0,0,,MM,10,2
11C-3.E,1,1,C,3,E,2009-09-28,463.6,48.9,,,463.6,1,100,0,0,0,0,0,0,0,0,,MM,0,0
11C-3.E,1,1,C,3,E,2009-09-28,463.6,48.9,,,463.6,2,100,0,0,0,0,0,0,0,0,,MM,0,0
11C-1.N,1,1,C,1,N,2009-09-28,544.7,50.6,,,544.7,1,100,0,0,0,0,0,0,0,0,1.2 ml aliquot / H20,MM,0,0
11C-1.N,1,1,C,1,N,2009-09-28,544.7,50.6,,,544.7,2,100,0,0,0,0,0,0,0,0,,MM,0,0
21A-4.1,2,1,A,4,1,2009-09-28,786.7,93.7,,,786.7,1,9,0,0,0,0,4,0,0,0,1.2 ml water added,MM,4,0
21A-4.1,2,1,A,4,1,2009-09-28,786.7,93.7,,,786.7,2,9,0,0,0,0,3,0,0,0,,MM,3,0
11C-4.0,1,1,C,4,0,2009-09-28,637.0,81.7,,,637.0,1,9,0,0,4,0,9,2,0,0,,MM,15,2
11C-4.0,1,1,C,4,0,2009-09-28,637.0,81.7,,,637.0,2,9,0,0,0,0,7,3,0,0,,MM,10,3
11C-3.1,1,1,C,3,1,2009-09-28,494.8,43.8,,,494.8,1,9,0,0,5,1,71,6,0,0,,MM,83,7
11C-3.1,1,1,C,3,1,2009-09-28,494.8,43.8,,,494.8,2,9,0,0,0,0,8,1,2,0,,MM,11,1
31A-4.1,3,1,A,4,1,2009-09-28,570.3,47.7,,,570.3,1,9,0,0,0,0,4,1,1,0,,MM,6,1
31A-4.1,3,1,A,4,1,2009-09-28,570.3,47.7,,,570.3,2,9,0,0,0,0,16,3,0,0,,MM,19,3
21C-4.1,2,1,C,4,1,2009-09-28,484.3,61.8,,,484.3,1,9,0,0,0,0,12,0,0,0,,MM,12,0
21C-4.1,2,1,C,4,1,2009-09-28,484.3,61.8,,,484.3,2,9,0,0,0,0,0,0,0,0,,MM,0,0
11A-1.E,1,1,A,1,E,2009-11-13,443.3,40.8,,,443.3,1,9,0,0,87,1,156,2,0,0,many faint,JAW,246,3
11A-1.E,1,1,A,1,E,2009-11-13,443.3,40.8,,,443.3,2,9,0,0,46,0,291,3,0,0,lot of faint stig. (more!),JAW,340,3
11C-1.0,1,1,C,1,0,2009-11-13,680.1,44.8,,,680.1,1,9,0,0,0,0,0,0,0,0,glowing moss,JAW,0,0
11C-1.0,1,1,C,1,0,2009-11-13,680.1,44.8,,,680.1,2,9,0,0,0,0,0,0,0,0,glowing moss,JAW,0,0
11C-2.0,1,1,C,2,0,2009-11-19,608.2,50.8,,,608.2,1,9,0,0,0,0,2,0,1,0,,JAW,3,0
11C-2.0,1,1,C,2,0,2009-11-19,608.2,50.8,,,608.2,2,100,0,0,8,2,17,1,1,0,,JAW,29,3
11C-2.1,1,1,C,2,1,2009-11-19,882.3,62.6,,,882.3,1,9,0,0,8,0,31,1,2,0,,JAW,42,1
11C-2.1,1,1,C,2,1,2009-11-19,882.3,62.6,,,882.3,2,9,0,0,0,0,61,5,0,0,,JAW,66,5
11C-3.0,1,1,C,3,0,2009-11-19,737.9,65.5,,,737.9,1,9,0,0,19,1,0,0,0,0,unusually globular & pale,JAW,20,1
11C-3.0,1,1,C,3,0,2009-11-19,737.9,65.5,,,737.9,2,9,0,0,35,1,0,0,0,0,bright green moss,JAW,36,1
21A-1.0,2,1,A,1,0,2009-11-19,286.3,37.5,,,286.3,1,9,0,0,0,0,0,0,1,0,,MM,1,0
21A-1.0,2,1,A,1,0,2009-11-19,286.3,37.5,,,286.3,2,9,0,0,0,0,0,0,0,0,very messy with leaves,MM,0,0
21A-2.0,2,1,A,2,0,2009-11-19,790.0,32.7,,,790.0,1,9,0,0,0,0,0,0,2,0,,MM,2,0
21A-2.0,2,1,A,2,0,2009-11-19,790.0,32.7,,,790.0,2,9,0,0,0,0,7,0,0,0,,MM,7,0
21A-2.1,2,1,A,2,1,2009-11-19,707.5,36.6,,,707.5,1,100,0,0,0,0,14,1,0,0,,MM,15,1
21A-2.1,2,1,A,2,1,2009-11-19,707.5,36.6,,,707.5,2,100,0,0,4,0,3,0,0,0,,MM,7,0
21A-3.0,2,1,A,3,0,2009-11-19,771.2,67.4,,,771.2,1,100,0,0,55,1,21,3,0,0,,MM,80,4
21A-3.0,2,1,A,3,0,2009-11-19,771.2,67.4,,,771.2,2,9,0,0,8,1,16,1,0,0,,MM,26,2
21C-1.0,2,1,C,1,0,2009-11-19,713.0,22.7,,,713.0,1,100,0,0,0,0,0,0,0,0,many parasites [?],MM,0,0
21C-1.0,2,1,C,1,0,2009-11-19,713.0,22.7,,,713.0,2,100,0,0,0,0,0,0,0,0,,MM,0,0
21C-1.1,2,1,C,1,1,2009-11-19,712.9,24.5,,,712.9,1,100,0,0,0,0,0,0,0,0,,MM,0,0
21C-1.1,2,1,C,1,1,2009-11-19,712.9,24.5,,,712.9,2,100,0,0,0,0,0,0,0,0,,MM,0,0
21C-2.1,2,1,C,2,1,2009-11-19,490.3,40.1,,,490.3,1,9,0,0,0,0,24,0,0,0,young,MM,24,0
21C-2.1,2,1,C,2,1,2009-11-19,490.3,40.1,,,490.3,2,100,0,0,0,0,10,0,0,0,young,MM,10,0
21C-3.1,2,1,C,3,1,2009-11-19,595.5,52.4,,,595.5,1,9,0,0,0,0,3,0,0,0,,MM,3,0
21C-3.1,2,1,C,3,1,2009-11-19,595.5,52.4,,,595.5,2,100,0,0,0,0,7,0,0,0,,MM,7,0
21C-4.0,2,1,C,4,0,2009-11-19,601.8,54.2,,,601.8,1,9,0,0,0,0,2,0,0,0,young,MM,2,0
21C-4.0,2,1,C,4,0,2009-11-19,601.8,54.2,,,601.8,2,9,0,0,0,0,9,0,0,0,young,MM,9,0
31A-1.0,3,1,A,1,0,2009-11-21,507.9,38.8,,,507.9,1,9,0,0,0,0,0,0,0,0,,JAW,0,0
31A-1.0,3,1,A,1,0,2009-11-21,507.9,38.8,,,507.9,2,9,0,0,1,0,0,0,0,0,faint (?),JAW,1,0
31A-1.1,3,1,A,1,1,2009-11-21,537.2,44.0,,,537.2,1,100,0,0,20,2,22,0,0,0,faint - too old?,JAW,44,2
31A-1.1,3,1,A,1,1,2009-11-21,537.2,44.0,,,537.2,2,9,0,0,0,0,15,1,0,0,faint - too old?,JAW,16,1
31A-2.0,3,1,A,2,0,2009-11-21,618.6,53.5,,,618.6,1,9,0,0,0,0,130,16,0,0,"brighter, faint extras (not counted)",JAW,146,16
31A-2.0,3,1,A,2,0,2009-11-21,618.6,53.5,,,618.6,2,9,0,0,0,0,232,31,0,0,glowing moss,JAW,263,31
31A-2.1,3,1,A,2,1,2009-11-21,463.1,55.9,,,463.1,1,100,0,0,0,0,82,3,0,0,big stigonema off-grid,JAW,85,3
31A-2.1,3,1,A,2,1,2009-11-21,463.1,55.9,,,463.1,2,100,0,0,0,0,8,0,1,0,mostly non-fluorescing (mostly dead),JAW,9,0
31A-3.0,3,1,A,3,0,2009-11-21,512.9,60.1,,,512.9,1,9,0,0,0,0,137,15,0,0,,JAW,152,15
31A-3.0,3,1,A,3,0,2009-11-21,512.9,60.1,,,512.9,2,9,0,0,0,0,16,1,0,0,,JAW,17,1
31A-3.1,3,1,A,3,1,2009-11-21,741.5,81.0,,,741.5,1,9,0,0,0,0,32,5,0,0,many faint stigonema cells,JAW,37,5
31A-3.1,3,1,A,3,1,2009-11-21,741.5,81.0,,,741.5,2,9,0,0,0,0,23,2,0,0,messy colonies?,JAW,25,2
31A-4.0,3,1,A,4,0,2009-11-21,571.4,32.5,,,571.4,1,100,0,0,0,0,4,2,0,0,,JAW,6,2
31A-4.0,3,1,A,4,0,2009-11-21,571.4,32.5,,,571.4,2,100,0,0,0,0,36,8,2,0,,JAW,46,8
31C-1.0,3,1,C,1,0,2009-11-21,852.5,33.7,,,852.5,1,9,0,0,0,0,42,2,0,0,,JAW,44,2
31C-1.0,3,1,C,1,0,2009-11-21,852.5,33.7,,,852.5,2,9,0,0,0,0,24,2,0,0,,JAW,26,2
31C-1.1,3,1,C,1,1,2009-11-21,638.2,41.9,,,638.2,1,9,0,0,0,0,7,2,0,0,,JAW,9,2
31C-1.1,3,1,C,1,1,2009-11-21,638.2,41.9,,,638.2,2,9,0,0,0,0,5,0,0,0,non-fluorescing stigonema colony,JAW,5,0
31C-2.0,3,1,C,2,0,2009-11-21,356.4,44.3,,,356.4,1,100,0,0,0,0,104,14,0,0,most off-grid,JAW,118,14
31C-2.0,3,1,C,2,0,2009-11-21,356.4,44.3,,,356.4,2,100,0,0,0,0,11,2,0,0,,JAW,13,2
31C-2.1,3,1,C,2,1,2009-11-21,424.0,32.0,,,424.0,1,9,0,0,0,0,41,5,0,0,,JAW,46,5
31C-2.1,3,1,C,2,1,2009-11-21,424.0,32.0,,,424.0,2,9,0,0,0,0,61,2,0,0,a few singletons,JAW,63,2
31C-3.0,3,1,C,3,0,2009-11-21,397.2,47.5,,,397.2,1,9,0,0,0,0,10,6,0,0,,JAW,16,6
31C-3.0,3,1,C,3,0,2009-11-21,397.2,47.5,,,397.2,2,9,0,0,0,0,56,2,0,0,,JAW,58,2
31C-3.1,3,1,C,3,1,2009-11-22,561.6,38.1,,,561.6,1,9,0,0,0,0,53,4,0,0,,JAW,57,4
31C-3.1,3,1,C,3,1,2009-11-22,561.6,38.1,,,561.6,2,9,0,0,0,0,20,2,0,0,,JAW,22,2
31C-4.0,3,1,C,4,0,2009-11-22,484.0,36.8,,,484.0,1,9,0,0,0,0,39,0,0,0,faint blobs of old colonies,JAW,39,0
31C-4.0,3,1,C,4,0,2009-11-22,484.0,36.8,,,484.0,2,9,0,0,0,0,52,2,0,0,,JAW,54,2
31C-4.1,3,1,C,4,1,2009-11-22,347.1,45.8,,,347.1,1,9,0,0,0,0,17,1,0,0,faint,JAW,18,1
31C-4.1,3,1,C,4,1,2009-11-22,347.1,45.8,,,347.1,2,9,0,0,0,0,3,0,0,0,,JAW,3,0
41A-1.0,4,1,A,1,0,2009-11-22,565.2,47.8,,,565.2,1,9,0,0,0,0,6,0,0,0,,JAW,6,0
41A-1.0,4,1,A,1,0,2009-11-22,565.2,47.8,,,565.2,2,9,0,0,0,0,34,1,0,0,FAINT colony,JAW,35,1
41A-1.1,4,1,A,1,1,2009-11-22,437.8,46.4,,,437.8,1,9,0,0,21,1,29,2,0,0,,JAW,53,3
41A-1.1,4,1,A,1,1,2009-11-22,437.8,46.4,,,437.8,2,9,0,0,0,0,3,0,1,0,,JAW,4,0
41A-2.0,4,1,A,2,0,2009-11-24,353.3,45.8,,,353.3,1,100,0,0,0,0,217,15,1,0,most off-grid,JAW,233,15
41A-2.0,4,1,A,2,0,2009-11-24,353.3,45.8,,,353.3,2,9,0,0,0,0,55,4,0,0,,JAW,59,4
41A-2.1,4,1,A,2,1,2009-11-24,358.1,50.5,,,358.1,1,9,0,0,0,0,20,1,0,0,,JAW,21,1
41A-2.1,4,1,A,2,1,2009-11-24,358.1,50.5,,,358.1,2,9,0,0,0,0,11,0,0,0,,JAW,11,0
41A-3.0,4,1,A,3,0,2009-11-24,361.2,44.7,,,361.2,1,9,0,0,0,0,15,1,0,0,,JAW,16,1
41A-3.0,4,1,A,3,0,2009-11-24,361.2,44.7,,,361.2,2,100,0,0,0,0,51,0,1,0,all off-grid,JAW,52,0
41A-3.1,4,1,A,3,1,2009-11-24,425.1,46.0,,,425.1,1,100,0,0,0,0,25,2,0,0,all off-grid (+ giant colony @ edge,JAW,27,2
41A-3.1,4,1,A,3,1,2009-11-24,425.1,46.0,,,425.1,2,100,0,0,5,1,20,1,0,0,only Nostoc on grid.,JAW,27,2
41A-4.0,4,1,A,4,0,2009-11-26,216.8,33.6,,,216.8,1,9,0,0,0,0,11,2,1,0,,JAW,14,2
41A-4.0,4,1,A,4,0,2009-11-26,216.8,33.6,,,216.8,2,100,0,0,1,0,79,3,0,0,,JAW,83,3
41A-4.1,4,1,A,4,1,2009-11-26,299.1,32.7,,,299.1,1,9,0,0,0,0,8,2,0,0,,JAW,10,2
41A-4.1,4,1,A,4,1,2009-11-26,299.1,32.7,,,299.1,2,9,0,0,0,0,8,1,0,0,,JAW,9,1
41C-1.0,4,1,C,1,0,2009-11-26,497.3,44.2,,,497.3,1,9,0,0,0,0,109,1,0,2,faint,JAW,112,1
41C-1.0,4,1,C,1,0,2009-11-26,497.3,44.2,,,497.3,2,9,0,0,0,0,96,3,0,1,some faint,JAW,100,3
41C-1.1,4,1,C,1,1,2009-11-26,552.7,48.8,,,552.7,1,9,0,0,0,0,6,0,0,0,"cloudy blob, a few cells off-grid",JAW,6,0
41C-1.1,4,1,C,1,1,2009-11-26,552.7,48.8,,,552.7,2,9,0,0,0,0,14,0,0,0,faint,JAW,14,0
41C-2.0,4,1,C,2,0,2009-11-26,387.6,45.3,,,387.6,1,9,0,0,2,0,41,1,0,0,Nostoc off-grid,JAW,44,1
41C-2.0,4,1,C,2,0,2009-11-26,387.6,45.3,,,387.6,2,9,0,0,0,0,109,6,0,0,,JAW,115,6
41C-2.1,4,1,C,2,1,2009-11-26,469.2,51.6,,,469.2,1,9,0,0,5,0,19,3,0,0,,JAW,27,3
41C-2.1,4,1,C,2,1,2009-11-26,469.2,51.6,,,469.2,2,9,0,0,2,1,11,1,2,0,,JAW,17,2
41C-3.0,4,1,C,3,0,2009-11-26,419.8,32.0,,,419.8,1,100,0,0,0,0,6,0,0,0,,JAW,6,0
41C-3.0,4,1,C,3,0,2009-11-26,419.8,32.0,,,419.8,2,9,0,0,34,1,0,0,0,0,FAINT,JAW,35,1
41C-3.1,4,1,C,3,1,2009-11-26,340.0,38.1,,,340.0,1,9,0,0,7,0,49,2,0,0,FAINT stigonema,JAW,58,2
41C-3.1,4,1,C,3,1,2009-11-26,340.0,38.1,,,340.0,2,9,0,0,0,0,106,3,0,0,FAINT,JAW,109,3
41C-4.0,4,1,C,4,0,2009-11-26,444.0,45.9,,,444.0,1,9,0,0,0,0,51,6,0,0,"bright, but irregular",JAW,57,6
41C-4.0,4,1,C,4,0,2009-11-26,444.0,45.9,,,444.0,2,9,0,0,29,1,18,1,0,1,,JAW,50,2
41C-4.1,4,1,C,4,1,2009-11-26,478.0,34.2,,,478.0,1,9,0,0,0,0,21,3,0,0,,JAW,24,3
41C-4.1,4,1,C,4,1,2009-11-26,478.0,34.2,,,478.0,2,9,0,0,0,0,74,2,0,0,some faint,JAW,76,2
51A-1.0,5,1,A,1,0,2009-11-26,501.8,21.6,,,501.8,1,100,0,0,0,0,0,0,0,0,"small, faint Nostoc?",JAW,0,0
51A-1.0,5,1,A,1,0,2009-11-26,501.8,21.6,,,501.8,2,100,0,0,0,0,0,0,0,0,,JAW,0,0
51A-1.1,5,1,A,1,1,2009-11-26,777.3,72.0,,,777.3,1,100,0,0,0,0,0,0,0,0,fungus,JAW,0,0
51A-1.1,5,1,A,1,1,2009-11-26,777.3,72.0,,,777.3,2,100,0,0,0,0,0,0,0,0,fungus,JAW,0,0
51A-2.0,5,1,A,2,0,2009-11-26,773.0,55.8,,,773.0,1,100,0,0,0,0,0,0,1,0,,JAW,1,0
51A-2.0,5,1,A,2,0,2009-11-26,773.0,55.8,,,773.0,2,100,0,0,0,0,0,0,0,0,,JAW,0,0
51A-2.1,5,1,A,2,1,2009-11-26,615.6,67.7,,,615.6,1,9,0,0,0,0,8,1,0,0,faded,JAW,9,1
51A-2.1,5,1,A,2,1,2009-11-26,615.6,67.7,,,615.6,2,9,0,0,0,0,19,1,0,3,,JAW,23,1
51A-3.0,5,1,A,3,0,2009-11-27,952.0,55.4,,,952.0,1,100,0,0,0,0,0,0,0,0,fungus,JAW,0,0
51A-3.0,5,1,A,3,0,2009-11-27,952.0,55.4,,,952.0,2,100,0,0,0,0,0,0,0,0,fungus,JAW,0,0
51A-3.1,5,1,A,3,1,2009-11-27,692.5,46.5,,,692.5,1,9,0,0,0,0,0,0,0,0,,JAW,0,0
51A-3.1,5,1,A,3,1,2009-11-27,692.5,46.5,,,692.5,2,9,0,0,0,0,4,0,0,0,"small, disjointed?",JAW,4,0
51A-4.0,5,1,A,4,0,2009-11-27,739.6,45.5,,,739.6,1,9,0,0,36,3,0,0,0,0,"pale, faint, immature",JAW,39,3
51A-4.0,5,1,A,4,0,2009-11-27,739.6,45.5,,,739.6,2,9,0,0,0,0,0,0,0,0,,JAW,0,0
51A-4.1,5,1,A,4,1,2009-11-27,572.1,43.9,,,572.1,1,9,0,0,3,0,0,0,43,0,"varying sizes, attached to dead Nostoc colonies?",JAW,46,0
51A-4.1,5,1,A,4,1,2009-11-27,572.1,43.9,,,572.1,2,9,0,0,3,0,0,0,34,0,,JAW,37,0
51C-1.0,5,1,C,1,0,2009-11-27,764.4,62.4,,,764.4,1,9,0,0,0,0,0,0,0,0,tube cracked,JAW,0,0
51C-1.0,5,1,C,1,0,2009-11-27,764.4,62.4,,,764.4,2,9,0,0,11,0,0,0,0,0,"tube cracked: small, faint",JAW,11,0
51C-1.1,5,1,C,1,1,2009-11-27,699.5,35.0,,,699.5,1,100,0,0,0,0,0,0,0,0,fungus,JAW,0,0
51C-1.1,5,1,C,1,1,2009-11-27,699.5,35.0,,,699.5,2,9,0,0,0,0,0,0,0,0,fungus,JAW,0,0
51C-2.0,5,1,C,2,0,2009-11-27,487.4,54.4,,,487.4,1,9,0,0,0,0,5,1,0,0,,JAW,6,1
51C-2.0,5,1,C,2,0,2009-11-27,487.4,54.4,,,487.4,2,100,0,0,70,0,21,2,0,0,"faint, immature Nostoc",JAW,93,2
51C-2.1,5,1,C,2,1,2009-11-27,553.5,32.2,,,553.5,1,100,0,0,0,0,0,0,0,0,fungus,JAW,0,0
51C-2.1,5,1,C,2,1,2009-11-27,553.5,32.2,,,553.5,2,100,0,0,92,6,0,0,1,0,"fungus, faint immature Nostoc",JAW,99,6
51C-3.0,5,1,C,3,0,2009-11-27,687.0,72.0,,,687.0,1,9,0,0,35,3,0,0,0,0,"faint, immature Nostoc",JAW,38,3
51C-3.0,5,1,C,3,0,2009-11-27,687.0,72.0,,,687.0,2,9,0,0,12,1,0,0,0,0,"faint, immature Nostoc",JAW,13,1
51C-3.1,5,1,C,3,1,2009-11-27,905.2,58.0,,,905.2,1,100,0,0,0,0,0,0,0,0,fungus,JAW,0,0
51C-3.1,5,1,C,3,1,2009-11-27,905.2,58.0,,,905.2,2,100,0,0,0,0,0,0,2,0,fungus,JAW,2,0
51C-4.0,5,1,C,4,0,2009-11-27,660.7,62.3,,,660.7,1,100,0,0,17,2,12,1,1,0,,JAW,33,3
51C-4.0,5,1,C,4,0,2009-11-27,660.7,62.3,,,660.7,2,9,0,0,0,0,0,0,0,0,some off-grid?,JAW,0,0
51C-4.1,5,1,C,4,1,2009-11-27,516.8,70.4,,,516.8,1,9,0,0,0,0,90,6,0,0,half faint,JAW,96,6
51C-4.1,5,1,C,4,1,2009-11-27,516.8,70.4,,,516.8,2,100,0,0,26,1,278,4,0,0,faint (all),JAW,309,5
61A-1.0,6,1,A,1,0,2009-11-27,435.4,32.0,,,435.4,1,100,0,0,28,2,9,0,0,0,,JAW,39,2
61A-1.0,6,1,A,1,0,2009-11-27,435.4,32.0,,,435.4,2,100,0,0,0,0,2,0,0,2,,JAW,4,0
61A-1.1,6,1,A,1,1,2009-11-27,410.2,26.4,,,410.2,1,9,0,0,0,0,9,1,0,0,,JAW,10,1
61A-1.1,6,1,A,1,1,2009-11-27,410.2,26.4,,,410.2,2,9,0,0,0,0,7,1,0,0,,JAW,8,1
61A-2.0,6,1,A,2,0,2009-12-01,470.6,52.3,,,470.6,1,9,0,0,0,0,54,3,0,0,faint,JAW,57,3
61A-2.0,6,1,A,2,0,2009-12-01,470.6,52.3,,,470.6,2,9,0,0,0,0,69,4,0,0,many (but not all) faint,JAW,73,4
61A-2.1,6,1,A,2,1,2009-12-01,481.1,45.8,,,481.1,1,9,0,0,0,0,56,2,0,0,more dead cells (too faint to count),JAW,58,2
61A-2.1,6,1,A,2,1,2009-12-01,481.1,45.8,,,481.1,2,9,0,0,0,0,45,3,0,0,,JAW,48,3
61A-3.0,6,1,A,3,0,2009-12-01,615.5,47.5,,,615.5,1,9,0,0,0,0,1,0,0,0,,JAW,1,0
61A-3.0,6,1,A,3,0,2009-12-01,615.5,47.5,,,615.5,2,9,0,0,0,0,2,0,0,0,,JAW,2,0
61A-3.1,6,1,A,3,1,2009-12-01,452.8,57.5,,,452.8,1,100,0,0,0,0,9,0,1,0,,JAW,10,0
61A-3.1,6,1,A,3,1,2009-12-01,452.8,57.5,,,452.8,2,100,0,0,0,0,0,0,0,0,,JAW,0,0
61A-4.0,6,1,A,4,0,2009-12-03,606.6,49.9,,,606.6,1,9,0,0,0,0,132,9,0,0,"bright, but irregular colonies",JAW,141,9
61A-4.0,6,1,A,4,0,2009-12-03,606.6,49.9,,,606.6,2,9,0,0,0,0,57,1,0,0,,JAW,58,1
61A-4.1,6,1,A,4,1,2009-12-03,487.0,48.4,,,487.0,1,100,0,0,0,0,28,0,0,0,,JAW,28,0
61A-4.1,6,1,A,4,1,2009-12-03,487.0,48.4,,,487.0,2,100,0,0,0,0,2,0,0,0,,JAW,2,0
61C-1.0,6,1,C,1,0,2009-12-03,383.0,51.7,,,383.0,1,9,0,0,0,0,0,0,0,0,,JAW,0,0
61C-1.0,6,1,C,1,0,2009-12-03,383.0,51.7,,,383.0,2,9,0,0,0,0,0,0,0,0,,JAW,0,0
61C-1.1,6,1,C,1,1,2009-12-03,618.9,4.8,,,618.9,1,9,0,0,28,3,0,0,0,0,faint,JAW,31,3
61C-1.1,6,1,C,1,1,2009-12-03,618.9,4.8,,,618.9,2,100,0,0,10,0,0,0,1,0,,JAW,11,0
61C-2.0,6,1,C,2,0,2009-12-04,380.4,33.7,,,380.4,1,100,0,0,0,0,41,2,0,0,new cover slip :(,JAW,43,2
61C-2.0,6,1,C,2,0,2009-12-04,380.4,33.7,,,380.4,2,9,0,0,0,0,25,4,0,0,more off-grid,JAW,29,4
61C-2.1,6,1,C,2,1,2009-12-04,434.2,28.8,,,434.2,1,9,0,0,4,0,0,0,0,0,,JAW,4,0
61C-2.1,6,1,C,2,1,2009-12-04,434.2,28.8,,,434.2,2,9,0,0,0,0,0,0,0,0,,JAW,0,0
61C-3.0,6,1,C,3,0,2009-12-04,332.8,50.3,,,332.8,1,9,0,0,0,0,31,2,1,0,,JAW,34,2
61C-3.0,6,1,C,3,0,2009-12-04,332.8,50.3,,,332.8,2,9,0,0,0,0,25,3,0,0,big colonies off-grid,JAW,28,3
61C-3.1,6,1,C,3,1,2009-12-04,515.7,42.0,,,515.7,1,9,0,0,0,0,4,0,0,0,,JAW,4,0
61C-3.1,6,1,C,3,1,2009-12-04,515.7,42.0,,,515.7,2,9,0,0,8,0,56,2,0,0,faint (dead) colonies?,JAW,66,2
61C-4.0,6,1,C,4,0,2009-12-04,341.7,39.5,,,341.7,1,100,0,0,0,0,0,0,0,0,,JAW,0,0
61C-4.0,6,1,C,4,0,2009-12-04,341.7,39.5,,,341.7,2,100,0,0,0,0,0,0,0,0,some Nostoc?  Not clear,JAW,0,0
61C-4.1,6,1,C,4,1,2009-12-04,501.3,46.0,,,501.3,1,100,0,0,0,0,0,0,0,0,,JAW,0,0
61C-4.1,6,1,C,4,1,2009-12-04,501.3,46.0,,,501.3,2,100,0,0,0,0,0,0,0,0,,JAW,0,0
71A-1.0,7,1,A,1,0,2009-12-04,382.5,33.5,,,382.5,1,100,0,0,10,2,0,0,0,0,immature,JAW,12,2
71A-1.0,7,1,A,1,0,2009-12-04,382.5,33.5,,,382.5,2,100,0,0,0,0,9,2,0,0,,JAW,11,2
71A-1.1,7,1,A,1,1,2009-12-04,581.5,49.6,,,581.5,1,9,0,0,0,0,38,3,0,0,,JAW,41,3
71A-1.1,7,1,A,1,1,2009-12-04,581.5,49.6,,,581.5,2,9,0,0,0,0,35,1,0,0,some faint,JAW,36,1
71A-2.0,7,1,A,2,0,2009-12-04,463.1,49.0,,,463.1,1,100,0,0,12,5,7,0,4,0,Immature Nostoc (or Stigonema?),JAW,28,5
71A-2.0,7,1,A,2,0,2009-12-04,463.1,49.0,,,463.1,2,9,0,0,0,0,9,0,3,0,,JAW,12,0
71A-2.1,7,1,A,2,1,2009-12-04,441.2,28.5,,,441.2,1,9,0,0,36,5,0,0,0,0,,JAW,41,5
71A-2.1,7,1,A,2,1,2009-12-04,441.2,28.5,,,441.2,2,9,0,0,10,0,4,0,0,0,,JAW,14,0
71A-3.0,7,1,A,3,0,2009-12-04,429.3,37.9,,,429.3,1,100,0,0,0,0,8,2,0,0,,JAW,10,2
71A-3.0,7,1,A,3,0,2009-12-04,429.3,37.9,,,429.3,2,100,0,0,0,0,0,0,0,0,,JAW,0,0
71A-3.1,7,1,A,3,1,2009-12-04,417.2,23.3,,,417.2,1,9,0,0,0,0,0,0,0,0,,JAW,0,0
71A-3.1,7,1,A,3,1,2009-12-04,417.2,23.3,,,417.2,2,100,0,0,0,0,0,0,0,0,,JAW,0,0
71A-4.0,7,1,A,4,0,2009-12-04,566.2,28.3,,,566.2,1,100,0,0,2,0,0,0,0,0,,JAW,2,0
71A-4.0,7,1,A,4,0,2009-12-04,566.2,28.3,,,566.2,2,100,0,0,0,0,0,0,0,0,,JAW,0,0
71A-4.1,7,1,A,4,1,2009-12-04,525.1,39.7,,,525.1,1,100,0,0,47,2,0,0,0,0,immature,JAW,49,2
71A-4.1,7,1,A,4,1,2009-12-04,525.1,39.7,,,525.1,2,100,0,0,121,5,10,0,0,0,"immature, cloudy blobs",JAW,136,5
71C-1.0,7,1,C,1,0,2009-12-07,498.8,40.2,,,498.8,1,9,0,0,0,0,0,0,0,0,,JAW,0,0
71C-1.0,7,1,C,1,0,2009-12-07,498.8,40.2,,,498.8,2,9,0,0,32,4,11,1,0,0,immature Nostoc?,JAW,48,5
71C-1.1,7,1,C,1,1,2009-12-07,506.2,36.0,,,506.2,1,100,0,0,0,0,0,0,0,1,,JAW,1,0
71C-1.1,7,1,C,1,1,2009-12-07,506.2,36.0,,,506.2,2,100,0,0,0,0,0,0,0,0,,JAW,0,0
71C-2.0,7,1,C,2,0,2009-12-07,277.2,32.5,,,277.2,1,100,0,0,28,2,0,0,1,0,bright coiled / packed Nostoc,JAW,31,2
71C-2.0,7,1,C,2,0,2009-12-07,277.2,32.5,,,277.2,2,100,0,0,44,2,0,0,0,0,,JAW,46,2
71C-2.1,7,1,C,2,1,2009-12-07,554.2,62.0,,,554.2,1,9,0,0,12,0,7,0,0,0,Immature Nostoc,JAW,19,0
71C-2.1,7,1,C,2,1,2009-12-07,554.2,62.0,,,554.2,2,9,0,0,0,0,70,2,0,0,faint,JAW,72,2
71C-3.0,7,1,C,3,0,2009-12-07,289.2,49.3,,,289.2,1,9,0,0,17,1,0,0,0,0,Immature,JAW,18,1
71C-3.0,7,1,C,3,0,2009-12-07,289.2,49.3,,,289.2,2,100,0,0,24,2,18,4,1,0,Immature Nostoc,JAW,49,6
71C-3.1,7,1,C,3,1,2009-12-07,367.8,44.6,,,367.8,1,9,0,0,0,0,99,1,0,0,,JAW,100,1
71C-3.1,7,1,C,3,1,2009-12-07,367.8,44.6,,,367.8,2,9,0,0,18,2,72,4,0,0,(young) immature Nostoc,JAW,96,6
71C-4.0,7,1,C,4,0,2009-12-07,276.3,31.6,,,276.3,1,100,0,0,0,0,0,0,0,0,,JAW,0,0
71C-4.0,7,1,C,4,0,2009-12-07,276.3,31.6,,,276.3,2,100,0,0,0,0,0,0,0,0,,JAW,0,0
71C-4.1,7,1,C,4,1,2009-12-07,656.5,63.6,,,656.5,1,9,0,0,0,0,142,11,0,0,mostly bright,JAW,153,11
71C-4.1,7,1,C,4,1,2009-12-07,656.5,63.6,,,656.5,2,9,0,0,0,0,427,28,0,0,,JAW,455,28
81A-1.0,8,1,A,1,0,2009-12-07,500.7,48.4,,,500.7,1,100,0,0,0,0,3,0,0,0,,JAW,3,0
81A-1.0,8,1,A,1,0,2009-12-07,500.7,48.4,,,500.7,2,100,0,0,0,0,52,4,0,0,some faint,JAW,56,4
81A-1.1,8,1,A,1,1,2009-12-07,490.8,61.9,,,490.8,1,100,0,0,0,0,0,0,0,0,,JAW,0,0
81A-1.1,8,1,A,1,1,2009-12-07,490.8,61.9,,,490.8,2,100,0,0,112,7,35,0,0,0,Immature (young) Nostoc,JAW,154,7
81A-2.0,8,1,A,2,0,2009-12-08,481.0,36.0,,,481.0,1,100,0,0,0,0,30,2,0,0,off-grid,JAW,32,2
81A-2.0,8,1,A,2,0,2009-12-08,481.0,36.0,,,481.0,2,100,0,0,0,0,0,0,1,0,off-grid,JAW,1,0
81A-2.1,8,1,A,2,1,2009-12-08,522.8,36.8,,,522.8,1,100,0,0,0,0,14,3,0,0,,JAW,17,3
81A-2.1,8,1,A,2,1,2009-12-08,522.8,36.8,,,522.8,2,9,0,0,0,0,65,3,0,0,,JAW,68,3
81A-3.0,8,1,A,3,0,2009-12-08,577.0,58.4,,,577.0,1,9,0,0,0,0,127,10,0,0,,JAW,137,10
81A-3.0,8,1,A,3,0,2009-12-08,577.0,58.4,,,577.0,2,9,0,0,0,0,277,17,0,0,,JAW,294,17
81A-3.1,8,1,A,3,1,2009-12-08,485.7,47.7,,,485.7,1,9,0,0,0,0,32,2,0,0,,JAW,34,2
81A-3.1,8,1,A,3,1,2009-12-08,485.7,47.7,,,485.7,2,9,0,0,0,0,33,3,0,0,,JAW,36,3
81A-4.0,8,1,A,4,0,2009-12-08,553.8,39.3,,,553.8,1,9,0,0,0,0,59,2,0,0,"Irregular colonies (breaking apart, decomposing?)",JAW,61,2
81A-4.0,8,1,A,4,0,2009-12-08,553.8,39.3,,,553.8,2,9,0,0,0,0,57,3,0,0,"Irregular colonies (breaking apart, decomposing?)",JAW,60,3
81A-4.1,8,1,A,4,1,2009-12-08,486.4,42.8,,,486.4,1,9,0,0,0,0,321,26,0,0,,JAW,347,26
81A-4.1,8,1,A,4,1,2009-12-08,486.4,42.8,,,486.4,2,9,0,0,0,0,504,24,0,0,,JAW,528,24
81C-1.0,8,1,C,1,0,2009-12-08,417.4,54.0,,,417.4,1,9,0,0,0,0,17,1,0,0,,JAW,18,1
81C-1.0,8,1,C,1,0,2009-12-08,417.4,54.0,,,417.4,2,9,0,0,0,0,9,1,0,0,,JAW,10,1
81C-1.1,8,1,C,1,1,2009-12-08,578.0,42.3,,,578.0,1,9,0,0,0,0,16,1,0,0,"faded, ""blurred"" colonies",JAW,17,1
81C-1.1,8,1,C,1,1,2009-12-08,578.0,42.3,,,578.0,2,9,0,0,0,0,0,0,1,0,,JAW,1,0
81C-2.0,8,1,C,2,0,2009-12-08,347.1,30.2,,,347.1,1,9,0,0,0,0,17,2,0,0,,JAW,19,2
81C-2.0,8,1,C,2,0,2009-12-08,347.1,30.2,,,347.1,2,100,0,0,0,0,34,2,1,0,off-grid,JAW,37,2
81C-2.1,8,1,C,2,1,2009-12-08,438.5,38.6,,,438.5,1,100,0,0,0,0,0,0,0,0,,JAW,0,0
81C-2.1,8,1,C,2,1,2009-12-08,438.5,38.6,,,438.5,2,100,0,0,0,0,0,0,1,0,,JAW,1,0
81C-3.0,8,1,C,3,0,2009-12-08,250.1,39.9,,,250.1,1,100,0,0,0,0,0,0,0,0,,JAW,0,0
81C-3.0,8,1,C,3,0,2009-12-08,250.1,39.9,,,250.1,2,100,0,0,0,0,0,0,0,0,,JAW,0,0
81C-3.1,8,1,C,3,1,2009-12-08,435.3,23.2,,,435.3,1,9,0,0,0,0,27,5,0,0,,JAW,32,5
81C-3.1,8,1,C,3,1,2009-12-08,435.3,23.2,,,435.3,2,9,0,0,0,0,15,1,0,0,,JAW,16,1
81C-4.0,8,1,C,4,0,2009-12-08,287.3,37.0,,,287.3,1,9,0,0,0,0,12,0,0,0,,JAW,12,0
81C-4.0,8,1,C,4,0,2009-12-08,287.3,37.0,,,287.3,2,100,0,0,0,0,92,5,0,0,,JAW,97,5
81C-4.1,8,1,C,4,1,2009-12-08,526.1,67.0,,,526.1,1,9,0,0,0,0,36,2,0,0,,JAW,38,2
81C-4.1,8,1,C,4,1,2009-12-08,526.1,67.0,,,526.1,2,9,0,0,0,0,57,4,0,0,,JAW,61,4
31A-1.N,3,1,A,1,N,2009-12-31,578.4,38.5,,,578.4,1,9,0,0,0,0,0,0,0,0,,MM,0,0
31A-1.N,3,1,A,1,N,2009-12-31,578.4,38.5,,,578.4,2,9,0,0,0,0,49,5,0,0,,MM,54,5
31C-1.S,3,1,C,1,S,2009-12-31,575.7,56.4,,,575.7,1,9,0,0,15,5,101,8,0,0,,MM,129,13
31C-1.S,3,1,C,1,S,2009-12-31,575.7,56.4,,,575.7,2,9,0,0,17,3,44,4,0,0,,MM,68,7
21A-1.E,2,1,A,1,E,2009-12-31,899.1,44.0,,,899.1,1,100,0,0,0,0,0,0,0,0,,MM,0,0
21A-1.E,2,1,A,1,E,2009-12-31,899.1,44.0,,,899.1,2,100,0,0,0,0,16,1,0,0,,MM,17,1
11C-1.W,1,1,C,1,W,2009-12-31,721.1,68.5,,,721.1,1,9,0,0,11,1,28,3,0,0,,MM,43,4
11C-1.W,1,1,C,1,W,2009-12-31,721.1,68.5,,,721.1,2,9,0,0,0,0,6,1,0,0,,MM,7,1
21A-1.S,2,1,A,1,S,2009-12-31,489.6,72.2,,,489.6,1,100,0,0,0,0,0,0,0,3,,MM,3,0
21A-1.S,2,1,A,1,S,2009-12-31,489.6,72.2,,,489.6,2,100,0,0,0,0,0,0,0,6,,MM,6,0
21A-3.W,2,1,A,3,W,2009-12-31,849.5,71.8,,,849.5,1,9,0,0,0,0,13,2,0,0,,MM,15,2
21A-3.W,2,1,A,3,W,2009-12-31,849.5,71.8,,,849.5,2,100,0,0,0,0,4,0,0,0,,MM,4,0
31A-3.W,3,1,A,3,W,2009-12-31,511.6,38.6,,,511.6,1,9,0,0,10,5,32,8,0,0,,MM,55,13
31A-3.W,3,1,A,3,W,2009-12-31,511.6,38.6,,,511.6,2,9,0,0,19,0,86,17,0,0,,MM,122,17
31C-3.N,3,1,C,3,N,2009-12-31,543.6,52.1,,,543.6,1,9,0,0,20,5,48,8,1,0,,MM,82,13
31C-3.N,3,1,C,3,N,2009-12-31,543.6,52.1,,,543.6,2,9,0,0,42,7,74,28,0,0,,MM,151,35
21C-2.W,2,1,C,2,W,2009-12-31,915.6,95.5,,,915.6,1,9,0,0,0,0,4,1,1,0,,MM,6,1
21C-2.W,2,1,C,2,W,2009-12-31,915.6,95.5,,,915.6,2,100,0,0,0,0,0,0,2,0,,MM,2,0
31C-2.N,3,1,C,2,N,2009-12-31,544.1,66.5,,,544.1,1,9,0,0,0,0,75,10,0,0,,MM,85,10
31C-2.N,3,1,C,2,N,2009-12-31,544.1,66.5,,,544.1,2,9,0,0,5,0,65,11,0,0,,MM,81,11
31A-2.E,3,1,A,2,E,2009-12-31,357.9,59.0,,,357.9,1,9,0,0,9,2,30,3,0,0,,MM,44,5
31A-2.E,3,1,A,2,E,2009-12-31,357.9,59.0,,,357.9,2,9,0,0,3,1,19,4,0,0,,MM,27,5
21C-3.N,2,1,C,3,N,2009-12-31,559.0,54.7,,,559.0,1,9,0,0,0,0,16,2,0,0,,MM,18,2
21C-3.N,2,1,C,3,N,2009-12-31,559.0,54.7,,,559.0,2,9,0,0,0,0,20,1,0,0,,MM,21,1
11A-2.W,1,1,A,2,W,2009-12-31,312.0,48.1,,,312.0,1,9,0,0,0,0,20,3,0,0,on a leaf (broken),MM,23,3
11A-2.W,1,1,A,2,W,2009-12-31,312.0,48.1,,,312.0,2,9,0,0,12,2,0,0,0,0,"very clear, round, coiled",MM,14,2
11C-4.S,1,1,C,4,S,2009-12-31,957.4,83.5,,,957.4,1,9,0,0,3,1,4,0,0,0,,MM,8,1
11C-4.S,1,1,C,4,S,2009-12-31,957.4,83.5,,,957.4,2,9,0,0,0,0,27,4,0,0,,MM,31,4
21A-3.N,2,1,A,3,N,2009-12-31,772.0,98.2,,,772.0,1,9,0,0,0,0,17,0,0,0,1.1 mL,MM,17,0
21A-3.N,2,1,A,3,N,2009-12-31,772.0,98.2,,,772.0,2,9,0,0,0,0,8,2,0,0,,MM,10,2
11C-2.E,1,1,C,2,E,2009-12-31,563.7,46.3,,,563.7,1,100,0,0,0,0,36,9,0,0,,MM,45,9
11C-2.E,1,1,C,2,E,2009-12-31,563.7,46.3,,,563.7,2,9,0,0,3,1,29,4,0,0,,MM,37,5
31A-4.S,3,1,A,4,S,2009-12-31,687.7,64.5,,,687.7,1,9,0,0,12,3,5,2,0,0,,MM,22,5
31A-4.S,3,1,A,4,S,2009-12-31,687.7,64.5,,,687.7,2,9,0,0,17,4,23,4,0,0,,MM,48,8
21C-3.W,2,1,C,3,W,2009-12-31,818.7,72.3,,,818.7,1,100,0,0,0,0,0,0,0,0,,MM,0,0
21C-3.W,2,1,C,3,W,2009-12-31,818.7,72.3,,,818.7,2,100,0,0,0,0,0,0,0,0,,MM,0,0
21A-2.E,2,1,A,2,E,2009-12-31,452.1,64.5,,,452.1,1,9,0,0,0,0,4,0,0,0,,MM,4,0
21A-2.E,2,1,A,2,E,2009-12-31,452.1,64.5,,,452.1,2,9,0,0,0,0,7,1,0,0,,MM,8,1
21A-4.S,2,1,A,4,S,2009-12-31,502.5,57.8,,,502.5,1,100,0,0,0,0,0,0,0,0,,MM,0,0
21A-4.S,2,1,A,4,S,2009-12-31,502.5,57.8,,,502.5,2,100,0,0,0,0,0,0,0,0,,MM,0,0
21A-2.N,2,1,A,2,N,2009-12-31,1001.6,71.0,,,1001.6,1,9,0,0,0,0,10,2,0,0,,MM,12,2
21A-2.N,2,1,A,2,N,2009-12-31,1001.6,71.0,,,1001.6,2,9,0,0,0,0,4,0,0,0,,MM,4,0
31A-3.S,3,1,A,3,S,2009-12-31,548.1,86.5,,,548.1,1,9,0,0,6,1,74,8,0,0,,MM,89,9
31A-3.S,3,1,A,3,S,2009-12-31,548.1,86.5,,,548.1,2,9,0,0,9,2,26,2,0,0,,MM,39,4
31C-4.W,3,1,C,4,W,2009-12-31,532.8,50.1,,,532.8,1,9,0,0,0,0,4,0,0,0,,MM,4,0
31C-4.W,3,1,C,4,W,2009-12-31,532.8,50.1,,,532.8,2,9,0,0,4,1,0,0,0,0,,MM,5,1
11C-2.S,1,1,C,2,S,2009-12-31,839.9,60.2,,,839.9,1,9,0,0,0,0,15,7,0,0,,MM,22,7
11C-2.S,1,1,C,2,S,2009-12-31,839.9,60.2,,,839.9,2,9,0,0,0,0,5,1,0,0,,MM,6,1
21C-1.E,2,1,C,1,E,2009-12-31,528.6,60.1,,,528.6,1,9,0,0,0,0,7,2,0,0,,MM,9,2
21C-1.E,2,1,C,1,E,2009-12-31,528.6,60.1,,,528.6,2,100,0,0,0,0,0,0,0,0,,MM,0,0
11A-1.S,1,1,A,1,S,2009-12-31,294.8,23.0,,,294.8,1,9,0,0,16,4,23,4,0,0,,MM,47,8
11A-1.S,1,1,A,1,S,2009-12-31,294.8,23.0,,,294.8,2,9,0,0,4,1,25,4,0,0,,MM,34,5
31C-1.E,3,1,C,1,E,2009-12-31,429.9,40.9,,,429.9,1,9,0,0,11,2,44,7,0,0,,MM,64,9
31C-1.E,3,1,C,1,E,2009-12-31,429.9,40.9,,,429.9,2,9,0,0,0,0,35,1,0,0,,MM,36,1
21C-4.S,2,1,C,4,S,2009-12-31,619.6,67.0,,,619.6,1,9,0,0,0,0,6,0,0,0,Duplicate 21C-4S (2009-09-28),MM,6,0
21C-4.S,2,1,C,4,S,2009-12-31,619.6,67.0,,,619.6,2,9,0,0,0,0,7,1,0,0,Duplicate 21C-4S (2009-09-28),MM,8,1
31A-4.E,3,1,A,4,E,2009-12-31,534.8,41.8,,,534.8,1,9,0,0,0,0,10,1,2,0,,MM,13,1
31A-4.E,3,1,A,4,E,2009-12-31,534.8,41.8,,,534.8,2,100,0,0,0,0,0,0,0,0,,MM,0,0
31A-2.N,3,1,A,2,N,2009-12-31,758.0,63.0,,,758.0,1,9,0,0,13,1,29,2,0,0,,MM,45,3
31A-2.N,3,1,A,2,N,2009-12-31,758.0,63.0,,,758.0,2,9,0,0,11,1,0,0,0,0,,MM,12,1
11C-4.W,1,1,C,4,W,2009-12-31,772.6,68.8,,,772.6,1,9,0,0,13,1,60,4,0,0,not well spread,MM,78,5
11C-4.W,1,1,C,4,W,2009-12-31,772.6,68.8,,,772.6,2,9,0,0,2,1,26,2,0,0,,MM,31,3
31C-3.W,3,1,C,3,W,2009-12-31,371.4,30.6,,,371.4,1,9,0,0,3,3,52,6,6,0,,MM,70,9
31C-3.W,3,1,C,3,W,2009-12-31,371.4,30.6,,,371.4,2,9,0,0,2,1,32,5,2,0,,MM,42,6
31C-4.S,3,1,C,4,S,2009-12-31,453.4,24.1,,,453.4,1,9,0,0,0,0,12,2,0,0,,MM,14,2
31C-4.S,3,1,C,4,S,2009-12-31,453.4,24.1,,,453.4,2,9,0,0,0,0,28,1,0,0,,MM,29,1
21A-4.W,2,1,A,4,W,2009-12-31,743.0,42.6,,,743.0,1,9,0,0,0,0,9,2,1,2,,MM,14,2
21A-4.W,2,1,A,4,W,2009-12-31,743.0,42.6,,,743.0,2,9,0,0,0,0,4,0,3,1,,MM,8,0
31C-2.E,3,1,C,2,E,2009-12-31,671.9,55.8,,,671.9,1,9,0,0,0,0,4,1,0,0,,MM,5,1
31C-2.E,3,1,C,2,E,2009-12-31,671.9,55.8,,,671.9,2,100,0,0,0,0,4,0,1,0,,MM,5,0
21C-2.S,2,1,C,2,S,2009-12-31,791.6,43.1,,,791.6,1,100,0,0,4,2,8,0,0,0,in one area off-grid,MM,14,2
21C-2.S,2,1,C,2,S,2009-12-31,791.6,43.1,,,791.6,2,100,0,0,4,0,16,0,0,0,Stigonema were broken,MM,20,0
31A-1.W,3,1,A,1,W,2009-12-31,499.0,45.5,,,499.0,1,9,0,0,0,0,3,0,2,0,Re-named ID E->W,MM,5,0
31A-1.W,3,1,A,1,W,2009-12-31,499.0,45.5,,,499.0,2,9,0,0,0,0,7,1,1,0,Re-named ID E->W,MM,9,1
21C-4.E,2,1,C,4,E,2009-12-31,705.6,58.4,,,705.6,1,9,0,0,8,1,20,1,1,0,,MM,31,2
21C-4.E,2,1,C,4,E,2009-12-31,705.6,58.4,,,705.6,2,9,0,0,13,2,6,0,2,0,,MM,23,2
-.,,,,,,,,,,,0.0,,,,,,,,,,,,,0,0
82A-1.0,8,2,A,1,0,2010-01-19,520.0,51.9,,,520.0,1,9,0,0,0,0,0,0,2,0,,JAW,2,0
82A-1.0,8,2,A,1,0,2010-01-19,520.0,51.9,,,520.0,2,9,0,0,0,0,0,0,2,0,,JAW,2,0
82A-1.1,8,2,A,1,1,2010-01-19,861.7,46.3,,,861.7,1,9,0,0,0,0,0,0,0,0,fragile labels,JAW,0,0
82A-1.1,8,2,A,1,1,2010-01-19,861.7,46.3,,,861.7,2,9,0,0,0,0,0,0,0,0,,JAW,0,0
82A-2.0,8,2,A,2,0,2010-01-19,932.8,82.4,,,932.8,1,9,0,0,0,0,0,0,0,0,FUNGUS,JAW,0,0
82A-2.0,8,2,A,2,0,2010-01-19,932.8,82.4,,,932.8,2,9,0,0,0,0,0,0,0,0,FUNGUS,JAW,0,0
82A-2.1,8,2,A,2,1,2010-01-19,750.0,54.0,,,750.0,1,9,0,0,0,0,0,0,0,0,,JAW,0,0
82A-2.1,8,2,A,2,1,2010-01-19,750.0,54.0,,,750.0,2,9,0,0,0,0,0,0,0,0,,JAW,0,0
82A-3.0,8,2,A,3,0,2010-01-19,711.5,78.2,,,711.5,1,9,0,0,18,0,0,0,0,0,"FUNGUS; Nostoc Immature?  Blurry, decomposing?",JAW,18,0
82A-3.0,8,2,A,3,0,2010-01-19,711.5,78.2,,,711.5,2,9,0,0,0,0,0,0,0,0,FUNGUS,JAW,0,0
82A-3.1,8,2,A,3,1,2010-01-19,754.2,48.5,,,754.2,1,9,0,0,7,1,0,0,0,1,FUNGUS; Nostoc Immature,JAW,9,1
82A-3.1,8,2,A,3,1,2010-01-19,754.2,48.5,,,754.2,2,9,0,0,0,0,0,0,0,0,FUNGUS,JAW,0,0
82A-4.0,8,2,A,4,0,2010-01-19,565.9,51.5,,,565.9,1,9,0,0,4,1,0,0,0,0,FUNGUS,JAW,5,1
82A-4.0,8,2,A,4,0,2010-01-19,565.9,51.5,,,565.9,2,9,0,0,4,2,0,0,0,0,,JAW,6,2
82A-4.1,8,2,A,4,1,2010-01-19,477.5,37.5,,,477.5,1,9,0,0,0,0,0,0,0,0,"FUNGUS, thin + brittle",JAW,0,0
82A-4.1,8,2,A,4,1,2010-01-19,477.5,37.5,,,477.5,2,9,0,0,0,0,0,0,0,0,FUNGUS,JAW,0,0
82C-1.0,8,2,C,1,0,2010-01-19,564.2,63.3,,,564.2,1,9,0,0,0,0,5,0,0,0,fungus,JAW,5,0
82C-1.0,8,2,C,1,0,2010-01-19,564.2,63.3,,,564.2,2,9,0,0,0,0,24,1,0,0,fungus.  faint old cells,JAW,25,1
82C-1.1,8,2,C,1,1,2010-01-19,604.8,65.9,,,604.8,1,9,0,0,0,0,14,0,0,0,FUNGUS + dead cells,JAW,14,0
82C-1.1,8,2,C,1,1,2010-01-19,604.8,65.9,,,604.8,2,9,0,0,0,0,32,1,1,0,FUNGUS,JAW,34,1
82C-2.0,8,2,C,2,0,2010-01-20,336.6,36.0,,,336.6,1,9,0,0,0,0,0,0,0,0,,JAW,0,0
82C-2.0,8,2,C,2,0,2010-01-20,336.6,36.0,,,336.6,2,9,0,0,0,0,0,0,0,0,,JAW,0,0
82C-2.1,8,2,C,2,1,2010-01-20,702.7,61.1,,,702.7,1,9,0,0,0,0,20,1,0,0,"FUNGUS, faint",JAW,21,1
82C-2.1,8,2,C,2,1,2010-01-20,702.7,61.1,,,702.7,2,9,0,0,0,0,252,2,0,0,"FUNGUS, faint + fuzzy",JAW,254,2
82C-3.0,8,2,C,3,0,2010-01-20,462.7,42.6,,,462.7,1,9,0,0,0,0,0,0,0,0,,JAW,0,0
82C-3.0,8,2,C,3,0,2010-01-20,462.7,42.6,,,462.7,2,9,0,0,0,0,15,0,0,0,,JAW,15,0
82C-3.1,8,2,C,3,1,2010-01-20,589.0,51.8,,,589.0,1,9,0,0,0,0,60,0,0,0,colony of faint / dead cells,JAW,60,0
82C-3.1,8,2,C,3,1,2010-01-20,589.0,51.8,,,589.0,2,9,0,0,0,0,0,0,1,0,some stigonema off-grid,JAW,1,0
82C-4.0,8,2,C,4,0,2010-01-20,394.5,57.9,,,394.5,1,9,0,0,0,0,30,1,0,0,,JAW,31,1
82C-4.0,8,2,C,4,0,2010-01-20,394.5,57.9,,,394.5,2,9,0,0,0,0,20,2,0,0,,JAW,22,2
82C-4.1,8,2,C,4,1,2010-01-20,478.4,61.0,,,478.4,1,9,0,0,0,0,0,0,0,0,single cell (off-grid),JAW,0,0
82C-4.1,8,2,C,4,1,2010-01-20,478.4,61.0,,,478.4,2,9,0,0,0,0,0,0,0,0,,JAW,0,0
72A-1.0,7,2,A,1,0,2010-01-20,592.8,54.6,,,592.8,1,9,0,0,0,0,23,1,0,0,FUNGUS,JAW,24,1
72A-1.0,7,2,A,1,0,2010-01-20,592.8,54.6,,,592.8,2,9,0,0,0,0,6,0,0,0,FUNGUS,JAW,6,0
72A-1.1,7,2,A,1,1,2010-01-20,641.4,45.1,,,641.4,1,100,0,0,0,0,23,1,0,0,FUNGUS,JAW,24,1
72A-1.1,7,2,A,1,1,2010-01-20,641.4,45.1,,,641.4,2,9,0,0,0,0,0,0,0,0,FUNGUS,JAW,0,0
72A-2.0,7,2,A,2,0,2010-01-20,393.1,43.5,,,393.1,1,9,0,0,0,0,0,0,0,0,,JAW,0,0
72A-2.0,7,2,A,2,0,2010-01-20,393.1,43.5,,,393.1,2,9,0,0,0,0,0,0,0,0,,JAW,0,0
72A-2.1,7,2,A,2,1,2010-01-20,408.8,25.0,,,408.8,1,9,0,0,0,0,0,0,0,0,,JAW,0,0
72A-2.1,7,2,A,2,1,2010-01-20,408.8,25.0,,,408.8,2,9,0,0,0,0,0,0,1,0,big bright cell off-grid,JAW,1,0
72A-3.0,7,2,A,3,0,2010-01-20,387.0,57.2,,,387.0,1,9,0,0,0,0,0,0,0,0,fungus,JAW,0,0
72A-3.0,7,2,A,3,0,2010-01-20,387.0,57.2,,,387.0,2,9,0,0,6,1,0,0,0,0,"fungus, small",JAW,7,1
72A-3.1,7,2,A,3,1,2010-01-20,411.5,35.3,,,411.5,1,9,0,0,0,0,0,0,0,0,FUNGUS,JAW,0,0
72A-3.1,7,2,A,3,1,2010-01-20,411.5,35.3,,,411.5,2,9,0,0,0,0,0,0,2,0,FUNGUS,JAW,2,0
72A-4.0,7,2,A,4,0,2010-01-20,409.4,60.2,,,409.4,1,9,0,0,0,0,0,0,0,0,,JAW,0,0
72A-4.0,7,2,A,4,0,2010-01-20,409.4,60.2,,,409.4,2,9,0,0,0,0,0,0,0,0,,JAW,0,0
72A-4.1,7,2,A,4,1,2010-01-20,479.9,29.5,,,479.9,1,9,0,0,0,0,2,0,0,0,"FUNGUS, faint",JAW,2,0
72A-4.1,7,2,A,4,1,2010-01-20,479.9,29.5,,,479.9,2,9,0,0,0,0,2,1,0,0,FUNGUS,JAW,3,1
72C-1.0,7,2,C,1,0,2010-01-20,647.8,72.4,,,647.8,1,9,0,0,0,0,1,0,0,0,,JAW,1,0
72C-1.0,7,2,C,1,0,2010-01-20,647.8,72.4,,,647.8,2,9,0,0,0,0,27,2,0,0,"faint, but bright ones off-grid",JAW,29,2
72C-1.1,7,2,C,1,1,2010-01-21,298.2,39.1,,,298.2,1,9,0,0,28,2,760,35,0,0,fungus,JAW,825,37
72C-1.1,7,2,C,1,1,2010-01-21,298.2,39.1,,,298.2,2,5,0,0,0,0,357,8,0,0,"fungus, messy + busy",JAW,365,8
72C-2.0,7,2,C,2,0,2010-01-21,520.7,30.8,,,520.7,1,9,0,0,0,0,14,0,0,0,faint,JAW,14,0
72C-2.0,7,2,C,2,0,2010-01-21,520.7,30.8,,,520.7,2,9,0,0,0,0,0,0,0,0,old cell remains?,JAW,0,0
72C-2.1,7,2,C,2,1,2010-01-21,467.3,68.4,,,467.3,1,9,0,0,0,0,3,0,0,0,messy,JAW,3,0
72C-2.1,7,2,C,2,1,2010-01-21,467.3,68.4,,,467.3,2,9,0,0,0,0,2,0,0,0,?,JAW,2,0
72C-3.0,7,2,C,3,0,2010-01-21,421.2,31.2,,,421.2,1,9,0,0,0,0,72,3,0,0,,JAW,75,3
72C-3.0,7,2,C,3,0,2010-01-21,421.2,31.2,,,421.2,2,9,0,0,0,0,0,0,0,0,more off-grid,JAW,0,0
72C-3.1,7,2,C,3,1,2010-01-21,549.3,43.4,,,549.3,1,5,0,0,0,0,655,27,0,0,FUNGUS,JAW,682,27
72C-3.1,7,2,C,3,1,2010-01-21,549.3,43.4,,,549.3,2,9,0,0,0,0,187,7,0,0,FUNGUS,JAW,194,7
72C-4.0,7,2,C,4,0,2010-01-21,449.5,40.5,,,449.5,1,9,0,0,0,0,15,1,0,0,+ dead cells,JAW,16,1
72C-4.0,7,2,C,4,0,2010-01-21,449.5,40.5,,,449.5,2,9,0,0,0,0,0,0,0,0,,JAW,0,0
72C-4.1,7,2,C,4,1,2010-01-21,300.1,30.4,,,300.1,1,9,0,0,0,0,1,0,0,0,fungus,JAW,1,0
72C-4.1,7,2,C,4,1,2010-01-21,300.1,30.4,,,300.1,2,9,0,0,0,0,0,0,0,0,glowing moss,JAW,0,0
62A-1.0,6,2,A,1,0,2010-01-21,369.8,31.0,,,369.8,1,9,0,0,0,0,0,0,0,0,FUNGUS,JAW,0,0
62A-1.0,6,2,A,1,0,2010-01-21,369.8,31.0,,,369.8,2,100,0,0,0,0,27,0,0,0,FUNGUS,JAW,27,0
62A-1.1,6,2,A,1,1,2010-01-21,1024.4,82.0,,,1024.4,1,9,0,0,0,0,0,0,0,0,moldy? (still moist),JAW,0,0
62A-1.1,6,2,A,1,1,2010-01-21,1024.4,82.0,,,1024.4,2,9,0,0,0,0,0,0,1,0,,JAW,1,0
62A-2.0,6,2,A,2,0,2010-01-21,597.0,48.7,,,597.0,1,9,0,0,0,0,0,0,0,0,FUNGUS,JAW,0,0
62A-2.0,6,2,A,2,0,2010-01-21,597.0,48.7,,,597.0,2,9,0,0,0,0,6,0,0,0,FUNGUS,JAW,6,0
62A-2.1,6,2,A,2,1,2010-01-25,524.6,55.1,,,524.6,1,9,0,0,0,0,49,7,0,0,FUNGUS,JAW,56,7
62A-2.1,6,2,A,2,1,2010-01-25,524.6,55.1,,,524.6,2,9,0,0,0,0,144,8,0,0,FUNGUS,JAW,152,8
62A-3.0,6,2,A,3,0,2010-01-25,607.6,49.7,,,607.6,1,9,0,0,0,0,12,0,0,0,"fungus, faint",JAW,12,0
62A-3.0,6,2,A,3,0,2010-01-25,607.6,49.7,,,607.6,2,9,0,0,0,0,20,0,0,0,fungus,JAW,20,0
62A-3.1,6,2,A,3,1,2010-01-25,542.2,45.0,,,542.2,1,9,0,0,0,0,0,0,0,0,some stigonema off-grid?,JAW,0,0
62A-3.1,6,2,A,3,1,2010-01-25,542.2,45.0,,,542.2,2,9,0,0,0,0,0,0,0,0,,JAW,0,0
62A-4.0,6,2,A,4,0,2010-01-25,455.3,38.7,,,455.3,1,9,0,0,0,0,2,0,0,0,FUNGUS,JAW,2,0
62A-4.0,6,2,A,4,0,2010-01-25,455.3,38.7,,,455.3,2,9,0,0,0,0,3,0,0,0,FUNGUS,JAW,3,0
62A-4.1,6,2,A,4,1,2010-01-25,678.0,49.8,,,678.0,1,9,0,0,0,0,0,0,0,0,fungus,JAW,0,0
62A-4.1,6,2,A,4,1,2010-01-25,678.0,49.8,,,678.0,2,9,0,0,0,0,11,0,0,0,"fungus, more off-grid",JAW,11,0
62C-1.0,6,2,C,1,0,2010-01-25,541.9,37.4,,,541.9,1,100,0,0,0,0,13,1,1,0,fungus,JAW,15,1
62C-1.0,6,2,C,1,0,2010-01-25,541.9,37.4,,,541.9,2,9,0,0,0,0,3,0,0,0,fungus,JAW,3,0
62C-1.1,6,2,C,1,1,2010-01-25,528.0,42.7,,,528.0,1,9,0,0,0,0,1,0,0,0,FUNGUS,JAW,1,0
62C-1.1,6,2,C,1,1,2010-01-25,528.0,42.7,,,528.0,2,9,0,0,0,0,0,0,0,0,FUNGUS,JAW,0,0
62C-2.0,6,2,C,2,0,2010-01-25,410.1,33.9,,,410.1,1,9,0,0,0,0,0,0,0,0,,JAW,0,0
62C-2.0,6,2,C,2,0,2010-01-25,410.1,33.9,,,410.1,2,9,0,0,0,0,0,0,0,0,,JAW,0,0
62C-2.1,6,2,C,2,1,2010-01-25,1100.0,90.0,,,1100.0,1,9,0,0,0,0,0,0,0,0,FUNGUS + moist,JAW,0,0
62C-2.1,6,2,C,2,1,2010-01-25,1100.0,90.0,,,1100.0,2,9,0,0,0,0,0,0,0,0,FUNGUS + moist,JAW,0,0
62C-3.0,6,2,C,3,0,2010-01-25,462.0,39.3,,,462.0,1,9,0,0,0,0,0,0,0,0,,JAW,0,0
62C-3.0,6,2,C,3,0,2010-01-25,462.0,39.3,,,462.0,2,100,0,0,0,0,0,0,0,0,Dead Stigonema?,JAW,0,0
62C-3.1,6,2,C,3,1,2010-01-25,526.0,64.5,,,526.0,1,9,0,0,0,0,0,0,0,0,,JAW,0,0
62C-3.1,6,2,C,3,1,2010-01-25,526.0,64.5,,,526.0,2,100,0,0,0,0,0,0,0,0,,JAW,0,0
62C-4.0,6,2,C,4,0,2010-01-25,832.5,43.9,,,832.5,1,9,0,0,0,0,0,0,0,0,fungus,JAW,0,0
62C-4.0,6,2,C,4,0,2010-01-25,832.5,43.9,,,832.5,2,9,0,0,0,0,5,0,0,0,"fungus, irregular",JAW,5,0
62C-4.1,6,2,C,4,1,2010-01-25,586.2,57.8,,,586.2,1,9,0,0,0,0,0,0,0,0,,JAW,0,0
62C-4.1,6,2,C,4,1,2010-01-25,586.2,57.8,,,586.2,2,9,0,0,0,0,0,0,0,0,glowing moss fragments,JAW,0,0
52A-1.0,5,2,A,1,0,2010-01-25,927.8,73.0,,,927.8,1,9,0,0,0,0,0,0,0,0,"FUNGUS (fuzzy), stigonema off-grid",JAW,0,0
52A-1.0,5,2,A,1,0,2010-01-25,927.8,73.0,,,927.8,2,9,0,0,23,1,0,0,0,0,"FUNGUS (fuzzy), Immature Nostoc",JAW,24,1
52A-1.1,5,2,A,1,1,2010-01-25,828.6,86.8,,,828.6,1,9,0,0,0,0,0,0,0,0,fungus,JAW,0,0
52A-1.1,5,2,A,1,1,2010-01-25,828.6,86.8,,,828.6,2,100,0,0,2,1,0,0,0,0,"fungus, glowing moss + other fragments",JAW,3,1
52A-2.0,5,2,A,2,0,2010-01-26,654.2,94.6,,,654.2,1,9,0,0,0,0,29,4,0,0,faint (some immature,JAW,33,4
52A-2.0,5,2,A,2,0,2010-01-26,654.2,94.6,,,654.2,2,9,0,0,0,0,4,0,0,0,,JAW,4,0
52A-2.1,5,2,A,2,1,2010-01-26,622.2,56.7,,,622.2,1,9,0,0,0,0,0,0,1,0,fungus,JAW,1,0
52A-2.1,5,2,A,2,1,2010-01-26,622.2,56.7,,,622.2,2,9,0,0,0,0,0,0,0,0,fungus,JAW,0,0
52A-3.0,5,2,A,3,0,2010-01-26,876.7,50.9,,,876.7,1,9,0,0,0,0,0,0,0,0,,JAW,0,0
52A-3.0,5,2,A,3,0,2010-01-26,876.7,50.9,,,876.7,2,100,0,0,0,0,0,0,0,0,,JAW,0,0
52A-3.1,5,2,A,3,1,2010-01-26,1019.2,75.6,,,1019.2,1,9,0,0,0,0,22,1,0,0,FUNGUS,JAW,23,1
52A-3.1,5,2,A,3,1,2010-01-26,19.2,75.6,,,19.2,2,9,0,0,0,0,17,2,0,0,FUNGUS,JAW,19,2
52A-4.0,5,2,A,4,0,2010-01-26,815.8,58.9,,,815.8,1,9,0,0,0,0,0,0,0,0,,JAW,0,0
52A-4.0,5,2,A,4,0,2010-01-26,815.8,58.9,,,815.8,2,9,0,0,0,0,0,0,0,0,,JAW,0,0
52A-4.1,5,2,A,4,1,2010-01-26,842.1,35.9,,,842.1,1,100,0,0,90,2,35,0,0,0,"fungus; off-grid, Immature Nostoc",JAW,127,2
52A-4.1,5,2,A,4,1,2010-01-26,842.1,35.9,,,842.1,2,9,0,0,46,2,0,0,0,0,fungus; Immature Nostoc,JAW,48,2
52C-1.0,5,2,C,1,0,2010-01-26,609.9,50.2,,,609.9,1,9,0,0,0,0,0,0,0,0,,JAW,0,0
52C-1.0,5,2,C,1,0,2010-01-26,609.9,50.2,,,609.9,2,9,0,0,0,0,51,3,0,0,,JAW,54,3
52C-1.1,5,2,C,1,1,2010-01-26,674.7,44.4,,,674.7,1,9,0,0,0,0,208,7,0,0,,JAW,215,7
52C-1.1,5,2,C,1,1,2010-01-26,674.7,44.4,,,674.7,2,9,0,0,0,0,69,2,0,0,,JAW,71,2
52C-2.0,5,2,C,2,0,2010-01-26,539.1,41.4,,,539.1,1,9,0,0,0,0,170,5,0,0,"faint, blurry",JAW,175,5
52C-2.0,5,2,C,2,0,2010-01-26,539.1,41.4,,,539.1,2,9,0,0,0,0,250,6,0,0,"faint, blurry (cloudy) cells",JAW,256,6
52C-2.1,5,2,C,2,1,2010-01-26,429.1,28.5,,,429.1,1,9,0,0,0,0,17,0,0,0,more (brighter) off-grid,JAW,17,0
52C-2.1,5,2,C,2,1,2010-01-26,429.1,28.5,,,429.1,2,9,0,0,0,0,18,1,0,1,,JAW,20,1
52C-3.0,5,2,C,3,0,2010-01-26,687.3,63.8,,,687.3,1,9,0,0,0,0,278,3,0,0,faint + messy,JAW,281,3
52C-3.0,5,2,C,3,0,2010-01-26,687.3,63.8,,,687.3,2,9,0,0,0,0,156,1,0,0,,JAW,157,1
52C-3.1,5,2,C,3,1,2010-01-26,279.5,29.0,,,279.5,1,9,0,0,0,0,0,0,0,0,grape-like clusters of cells?,JAW,0,0
52C-3.1,5,2,C,3,1,2010-01-26,279.5,29.0,,,279.5,2,9,0,0,0,0,127,0,0,0,"grape-like clusters of cells?  Immature Nostoc, dead mature cells ",JAW,127,0
52C-4.0,5,2,C,4,0,2010-01-26,430.0,31.4,,,430.0,1,9,0,0,0,0,0,0,0,0,mostly empty,JAW,0,0
52C-4.0,5,2,C,4,0,2010-01-26,430.0,31.4,,,430.0,2,100,0,0,41,3,0,0,0,0,Immature Nostoc,JAW,44,3
52C-4.1,5,2,C,4,1,2010-01-26,291.4,37.6,,,291.4,1,9,0,0,0,0,8,0,0,0,,JAW,8,0
52C-4.1,5,2,C,4,1,2010-01-26,291.4,37.6,,,291.4,2,9,0,0,0,0,8,1,0,0,,JAW,9,1
42A-1.0,4,2,A,1,0,2010-01-26,511.0,46.0,,,511.0,1,9,0,0,0,0,3,0,0,0,"FUNGUS, amorphous",JAW,3,0
42A-1.0,4,2,A,1,0,2010-01-26,511.0,46.0,,,511.0,2,100,0,0,0,0,72,5,0,0,"FUNGUS, off-grid.  *Last sample prior to surgery*",JAW,77,5
42A-1.1,4,2,A,1,1,2010-02-23,623.8,42.2,,,623.8,1,9,0,0,146,6,0,0,0,0,Immature Nostoc?  Circular colonies.  *First Sample following surgery*,JAW,152,6
42A-1.1,4,2,A,1,1,2010-02-23,623.8,42.2,,,623.8,2,9,0,0,123,1,0,0,0,0,Pleurocapsa?  Dermocarpa?,JAW,124,1
42A-2.0,4,2,A,2,0,2010-02-23,368.5,56.8,,,368.5,1,9,0,0,0,0,0,0,1,0,globules?,JAW,1,0
42A-2.0,4,2,A,2,0,2010-02-23,368.5,56.8,,,368.5,2,9,0,0,0,0,0,0,0,0,dead Stigonema colonies,JAW,0,0
42A-2.1,4,2,A,2,1,2010-02-23,481.0,58.5,,,481.0,1,100,0,0,0,0,0,0,1,0,,JAW,1,0
42A-2.1,4,2,A,2,1,2010-02-23,481.0,58.5,,,481.0,2,9,0,0,0,0,0,0,0,0,,JAW,0,0
42A-3.0,4,2,A,3,0,2010-02-23,441.1,41.5,,,441.1,1,9,0,0,0,0,0,0,0,0,,JAW,0,0
42A-3.0,4,2,A,3,0,2010-02-23,441.1,41.5,,,441.1,2,9,0,0,0,0,0,0,0,0,,JAW,0,0
42A-3.1,4,2,A,3,1,2010-02-23,589.7,76.8,,,589.7,1,9,0,0,0,0,78,2,0,0,fungus,JAW,80,2
42A-3.1,4,2,A,3,1,2010-02-23,589.7,76.8,,,589.7,2,9,0,0,0,0,95,4,0,0,fungus,JAW,99,4
42A-4.0,4,2,A,4,0,2010-02-23,387.7,28.6,,,387.7,1,100,0,0,0,0,0,0,1,0,,JAW,1,0
42A-4.0,4,2,A,4,0,2010-02-23,387.7,28.6,,,387.7,2,100,0,0,0,0,0,0,0,0,,JAW,0,0
42A-4.1,4,2,A,4,1,2010-02-23,412.1,32.5,,,412.1,1,9,0,0,0,0,0,0,0,0,fungus,JAW,0,0
42A-4.1,4,2,A,4,1,2010-02-23,412.1,32.5,,,412.1,2,100,0,0,0,0,0,0,0,0,fungus,JAW,0,0
42C-1.0,4,2,C,1,0,2010-02-23,544.1,43.2,,,544.1,1,9,0,0,0,0,141,4,0,0,faint,JAW,145,4
42C-1.0,4,2,C,1,0,2010-02-23,544.1,43.2,,,544.1,2,9,0,0,0,0,179,2,0,0,,JAW,181,2
42C-1.1,4,2,C,1,1,2010-02-23,548.6,64.7,,,548.6,1,9,0,0,0,0,0,0,0,0,"globules, Stigonema too faint to count?",JAW,0,0
42C-1.1,4,2,C,1,1,2010-02-23,548.6,64.7,,,548.6,2,9,0,0,0,0,80,6,0,0,FAINT,JAW,86,6
42C-2.0,4,2,C,2,0,2010-02-23,422.2,50.5,,,422.2,1,9,0,0,0,0,161,9,0,0,faint,JAW,170,9
42C-2.0,4,2,C,2,0,2010-02-23,422.2,50.5,,,422.2,2,9,0,0,0,0,117,2,0,0,,JAW,119,2
42C-2.1,4,2,C,2,1,2010-02-26,395.3,33.9,,,395.3,1,9,0,0,23,0,424,28,1,0,"some fungus, bright Nostoc, faint Stigonema",JAW,476,28
42C-2.1,4,2,C,2,1,2010-02-26,395.3,33.9,,,395.3,2,9,0,0,0,0,198,14,0,0,"some fungus, some faint Stigonema",JAW,212,14
42C-3.0,4,2,C,3,0,2010-02-26,652.7,37.6,,,652.7,1,100,0,0,0,0,0,0,0,0,,JAW,0,0
42C-3.0,4,2,C,3,0,2010-02-26,652.7,37.6,,,652.7,2,100,0,0,12,2,0,0,0,0,,JAW,14,2
42C-3.1,4,2,C,3,1,2010-02-26,383.5,30.9,,,383.5,1,9,0,0,0,0,12,0,0,0,FAINT,JAW,12,0
42C-3.1,4,2,C,3,1,2010-02-26,383.5,30.9,,,383.5,2,9,0,0,0,0,6,0,0,0,,JAW,6,0
42C-4.0,4,2,C,4,0,2010-02-26,546.4,49.7,,,546.4,1,9,0,0,0,0,412,15,0,0,"Shoots only 5 cm long.  More Nostoc, too faint.  Bright Stigonema",JAW,427,15
42C-4.0,4,2,C,4,0,2010-02-26,546.4,49.7,,,546.4,2,9,0,0,0,0,327,12,0,0,Shoots only 5 cm long.  ,JAW,339,12
42C-4.1,4,2,C,4,1,2010-02-26,637.7,58.1,,,637.7,1,9,0,0,5,1,124,7,1,0,fungus,JAW,138,8
42C-4.1,4,2,C,4,1,2010-02-26,637.7,58.1,,,637.7,2,9,0,0,76,1,173,0,0,0,fungus,JAW,250,1
32A-1.0,3,2,A,1,0,2010-02-26,193.3,20.2,,,193.3,1,9,0,0,0,0,0,0,0,0,too faint?,JAW,0,0
32A-1.0,3,2,A,1,0,2010-02-26,193.3,20.2,,,193.3,2,9,0,0,0,0,0,0,0,0,,JAW,0,0
32A-1.1,3,2,A,1,1,2010-02-26,300.8,29.1,,,300.8,1,9,0,0,0,0,0,0,0,0,,JAW,0,0
32A-1.1,3,2,A,1,1,2010-02-26,300.8,29.1,,,300.8,2,9,0,0,0,0,0,0,0,0,,JAW,0,0
32A-2.0,3,2,A,2,0,2010-02-26,353.1,57.5,,,353.1,1,100,0,0,10,0,4,0,0,0,"fungus, brittle.  Off-grid",JAW,14,0
32A-2.0,3,2,A,2,0,2010-02-26,353.1,57.5,,,353.1,2,9,0,0,0,0,0,0,0,0,"fungus, brittle.",JAW,0,0
32A-2.1,3,2,A,2,1,2010-02-26,445.6,46.5,,,445.6,1,9,0,0,0,0,0,0,0,0,,JAW,0,0
32A-2.1,3,2,A,2,1,2010-02-26,445.6,46.5,,,445.6,2,9,0,0,0,0,2,0,0,0,,JAW,2,0
32A-3.0,3,2,A,3,0,2010-02-26,393.8,40.6,,,393.8,1,9,0,0,0,0,0,0,0,0,,JAW,0,0
32A-3.0,3,2,A,3,0,2010-02-26,393.8,40.6,,,393.8,2,9,0,0,0,0,4,0,0,0,faint,JAW,4,0
32A-3.1,3,2,A,3,1,2010-03-01,429.8,24.5,,,429.8,1,9,0,0,0,0,0,0,0,0,10% Amp sonication?,JAW,0,0
32A-3.1,3,2,A,3,1,2010-03-01,429.8,24.5,,,429.8,2,9,0,0,0,0,0,0,0,0,10% Amp sonication?,JAW,0,0
32A-4.0,3,2,A,4,0,2010-03-01,405.8,32.1,,,405.8,1,9,0,0,0,0,0,0,0,0,10% Amp sonication?,JAW,0,0
32A-4.0,3,2,A,4,0,2010-03-01,405.8,32.1,,,405.8,2,9,0,0,0,0,0,0,0,0,10% Amp sonication?,JAW,0,0
32A-4.1,3,2,A,4,1,2010-03-01,369.7,40.6,,,369.7,1,9,0,0,0,0,0,0,0,0,10% Amp sonication?,JAW,0,0
32A-4.1,3,2,A,4,1,2010-03-01,369.7,40.6,,,369.7,2,9,0,0,0,0,3,0,1,0,10% Amp sonication?,JAW,4,0
32C-1.0,3,2,C,1,0,2010-03-01,518.6,68.6,,,518.6,1,9,0,0,0,0,105,2,0,0,10% Amp sonication?  Fungus,JAW,107,2
32C-1.0,3,2,C,1,0,2010-03-01,518.6,68.6,,,518.6,2,9,0,0,0,0,86,4,0,0,"10% Amp sonication?  Fungus, messy",JAW,90,4
32C-1.1,3,2,C,1,1,2010-03-01,577.2,47.8,,,577.2,1,9,0,0,0,0,38,1,0,0,10% Amp sonication?  Messy,JAW,39,1
32C-1.1,3,2,C,1,1,2010-03-01,577.2,47.8,,,577.2,2,9,0,0,0,0,77,2,0,0,10% Amp sonication?,JAW,79,2
32C-2.0,3,2,C,2,0,2010-03-01,640.2,28.7,,,640.2,1,9,0,0,0,0,10,0,0,0,faint,JAW,10,0
32C-2.0,3,2,C,2,0,2010-03-01,640.2,28.7,,,640.2,2,9,0,0,0,0,24,1,0,0,,JAW,25,1
32C-2.1,3,2,C,2,1,2010-03-01,421.3,45.7,,,421.3,1,9,0,0,0,0,41,0,1,0,fungus,JAW,42,0
32C-2.1,3,2,C,2,1,2010-03-01,421.3,45.7,,,421.3,2,9,0,0,0,0,57,4,0,0,fungus,JAW,61,4
32C-3.0,3,2,C,3,0,2010-03-01,247.2,48.4,,,247.2,1,9,0,0,0,0,0,0,0,0,,JAW,0,0
32C-3.0,3,2,C,3,0,2010-03-01,247.2,48.4,,,247.2,2,9,0,0,0,0,0,0,0,0,,JAW,0,0
32C-3.1,3,2,C,3,1,2010-03-01,377.4,35.8,,,377.4,1,9,0,0,0,0,3,0,0,0,,JAW,3,0
32C-3.1,3,2,C,3,1,2010-03-01,377.4,35.8,,,377.4,2,9,0,0,0,0,60,0,0,0,very faint,JAW,60,0
32C-4.0,3,2,C,4,0,2010-03-01,673.6,87.9,,,673.6,1,9,0,0,0,0,10,2,1,0,,JAW,13,2
32C-4.0,3,2,C,4,0,2010-03-01,673.6,87.9,,,673.6,2,9,0,0,0,0,15,0,0,0,,JAW,15,0
32C-4.1,3,2,C,4,1,2010-03-02,363.5,40.9,,,363.5,1,9,0,0,0,0,0,0,0,0,,JAW,0,0
32C-4.1,3,2,C,4,1,2010-03-02,363.5,40.9,,,363.5,2,9,0,0,0,0,0,0,0,0,,JAW,0,0
22A-1.0,2,2,A,1,0,2010-03-02,496.5,56.6,,,496.5,1,9,0,0,0,0,109,1,0,0,fungus,JAW,110,1
22A-1.0,2,2,A,1,0,2010-03-02,496.5,56.6,,,496.5,2,9,0,0,0,0,121,9,0,0,"fungus, faint",JAW,130,9
22A-1.1,2,2,A,1,1,2010-03-02,464.4,59.3,,,464.4,1,9,0,0,0,0,52,4,0,0,fungus,JAW,56,4
22A-1.1,2,2,A,1,1,2010-03-02,464.4,59.3,,,464.4,2,9,0,0,0,0,62,3,0,0,fungus,JAW,65,3
22A-2.0,2,2,A,2,0,2010-03-02,384.3,41.2,,,384.3,1,9,0,0,0,0,95,3,0,0,"fungus, faint",JAW,98,3
22A-2.0,2,2,A,2,0,2010-03-02,384.3,41.2,,,384.3,2,9,0,0,0,0,137,11,0,0,fungus,JAW,148,11
22A-2.1,2,2,A,2,1,2010-03-02,434.3,62.9,,,434.3,1,9,0,0,0,0,149,3,0,0,very faint,JAW,152,3
22A-2.1,2,2,A,2,1,2010-03-02,434.3,62.9,,,434.3,2,9,0,0,0,0,96,2,0,0,very faint,JAW,98,2
22A-3.0,2,2,A,3,0,2010-03-02,231.1,30.5,,,231.1,1,9,0,0,0,0,0,0,0,0,,JAW,0,0
22A-3.0,2,2,A,3,0,2010-03-02,231.1,30.5,,,231.1,2,9,0,0,0,0,0,0,0,0,,JAW,0,0
22A-3.1,2,2,A,3,1,2010-03-02,826.3,72.7,,,826.3,1,9,0,0,0,0,89,2,0,0,fungus,JAW,91,2
22A-3.1,2,2,A,3,1,2010-03-02,826.3,72.7,,,826.3,2,9,0,0,0,0,182,8,0,0,"fungus, faint",JAW,190,8
22A-4.0,2,2,A,4,0,2010-03-02,458.7,64.8,,,458.7,1,9,0,0,0,0,0,0,0,0,,JAW,0,0
22A-4.0,2,2,A,4,0,2010-03-02,458.7,64.8,,,458.7,2,9,0,0,0,0,0,0,0,0,,JAW,0,0
22A-4.1,2,2,A,4,1,2010-03-02,348.6,49.9,,,348.6,1,9,0,0,0,0,0,0,0,0,,JAW,0,0
22A-4.1,2,2,A,4,1,2010-03-02,348.6,49.9,,,348.6,2,9,0,0,0,0,0,0,0,0,,JAW,0,0
22C-1.0,2,2,C,1,0,2010-03-02,536.5,80.7,,,536.5,1,9,0,0,0,0,0,0,0,0,,JAW,0,0
22C-1.0,2,2,C,1,0,2010-03-02,536.5,80.7,,,536.5,2,9,0,0,0,0,8,0,0,0,faint,JAW,8,0
22C-1.1,2,2,C,1,1,2010-03-02,408.7,29.7,,,408.7,1,9,0,0,0,0,79,3,0,0,faint,JAW,82,3
22C-1.1,2,2,C,1,1,2010-03-02,408.7,29.7,,,408.7,2,9,0,0,0,0,124,2,0,0,faint,JAW,126,2
22C-2.0,2,2,C,2,0,2010-03-02,293.2,21.6,,,293.2,1,9,0,0,0,0,17,0,0,0,,JAW,17,0
22C-2.0,2,2,C,2,0,2010-03-02,293.2,21.6,,,293.2,2,9,0,0,0,0,0,0,0,0,,JAW,0,0
22C-2.1,2,2,C,2,1,2010-03-02,433.2,28.1,,,433.2,1,9,0,0,0,0,0,0,0,0,,JAW,0,0
22C-2.1,2,2,C,2,1,2010-03-02,433.2,28.1,,,433.2,2,9,0,0,0,0,0,0,0,0,,JAW,0,0
22C-3.0,2,2,C,3,0,2010-03-02,395.5,41.0,,,395.5,1,9,0,0,0,0,10,0,0,0,,JAW,10,0
22C-3.0,2,2,C,3,0,2010-03-02,395.5,41.0,,,395.5,2,9,0,0,0,0,52,3,0,0,faint + decaying?,JAW,55,3
22C-3.1,2,2,C,3,1,2010-03-02,455.1,39.3,,,455.1,1,9,0,0,0,0,4,0,0,0,,JAW,4,0
22C-3.1,2,2,C,3,1,2010-03-02,455.1,39.3,,,455.1,2,9,0,0,0,0,81,2,0,0,,JAW,83,2
22C-4.0,2,2,C,4,0,2010-03-04,347.6,30.1,,,347.6,1,9,0,0,0,0,15,1,0,0,fungus,JAW,16,1
22C-4.0,2,2,C,4,0,2010-03-04,347.6,30.1,,,347.6,2,9,0,0,0,0,15,0,0,0,fungus,JAW,15,0
22C-4.1,2,2,C,4,1,2010-03-04,485.5,60.1,,,485.5,1,9,0,0,0,0,3,0,0,0,,JAW,3,0
22C-4.1,2,2,C,4,1,2010-03-04,485.5,60.1,,,485.5,2,9,0,0,0,0,0,0,0,0,,JAW,0,0
12A-1.0,1,2,A,1,0,2010-03-04,316.9,26.1,,,316.9,1,9,0,0,0,0,0,0,0,0,fungus,JAW,0,0
12A-1.0,1,2,A,1,0,2010-03-04,316.9,26.1,,,316.9,2,9,0,0,0,0,0,0,0,0,fungus,JAW,0,0
12A-1.1,1,2,A,1,1,2010-03-04,251.5,24.9,,,251.5,1,9,0,0,0,0,0,0,1,0,,JAW,1,0
12A-1.1,1,2,A,1,1,2010-03-04,251.5,24.9,,,251.5,2,9,0,0,0,0,0,0,0,0,,JAW,0,0
12A-2.0,1,2,A,2,0,2010-03-04,447.1,36.8,,,447.1,1,9,0,0,0,0,0,0,0,0,,JAW,0,0
12A-2.0,1,2,A,2,0,2010-03-04,447.1,36.8,,,447.1,2,9,0,0,0,0,5,0,0,0,faint + decaying.  Globular stuff?,JAW,5,0
12A-2.1,1,2,A,2,1,2010-03-04,629.1,47.8,,,629.1,1,9,0,0,0,0,0,0,0,0,,JAW,0,0
12A-2.1,1,2,A,2,1,2010-03-04,629.1,47.8,,,629.1,2,9,0,0,0,0,0,0,0,0,,JAW,0,0
12A-3.0,1,2,A,3,0,2010-03-04,572.8,72.4,,,572.8,1,9,0,0,11,0,41,2,1,0,fungus,JAW,55,2
12A-3.0,1,2,A,3,0,2010-03-04,572.8,72.4,,,572.8,2,9,0,0,57,3,133,7,0,0,fungus,JAW,200,10
12A-3.1,1,2,A,3,1,2010-03-04,462.0,62.0,,,462.0,1,9,0,0,5,0,100,4,0,0,fungus,JAW,109,4
12A-3.1,1,2,A,3,1,2010-03-04,462.0,62.0,,,462.0,2,9,0,0,0,0,193,8,0,0,fungus,JAW,201,8
12A-4.0,1,2,A,4,0,2010-03-04,556.6,59.5,,,556.6,1,9,0,0,13,1,50,1,0,0,fungus,JAW,65,2
12A-4.0,1,2,A,4,0,2010-03-04,556.6,59.5,,,556.6,2,9,0,0,0,0,183,10,0,0,fungus,JAW,193,10
12A-4.1,1,2,A,4,1,2010-03-04,429.5,50.3,,,429.5,1,9,0,0,0,0,28,0,0,0,fungus,JAW,28,0
12A-4.1,1,2,A,4,1,2010-03-04,429.5,50.3,,,429.5,2,9,0,0,0,0,187,5,0,0,fungus,JAW,192,5
12C-1.0,1,2,C,1,0,2010-03-03,278.8,36.9,,,278.8,1,9,0,0,0,0,12,0,0,0,,JAW,12,0
12C-1.0,1,2,C,1,0,2010-03-03,278.8,36.9,,,278.8,2,9,0,0,0,0,0,0,0,0,,JAW,0,0
12C-1.1,1,2,C,1,1,2010-03-03,336.8,39.1,,,336.8,1,9,0,0,0,0,10,0,0,0,"fungus, messy",JAW,10,0
12C-1.1,1,2,C,1,1,2010-03-03,336.8,39.1,,,336.8,2,9,0,0,0,0,0,0,0,0,fungus,JAW,0,0
12C-2.0,1,2,C,2,0,2010-03-03,406.1,46.6,,,406.1,1,9,0,0,0,0,6,0,0,0,more too faint to count,JAW,6,0
12C-2.0,1,2,C,2,0,2010-03-03,406.1,46.6,,,406.1,2,9,0,0,0,0,8,0,0,0,very faint,JAW,8,0
12C-2.1,1,2,C,2,1,2010-03-03,351.6,43.8,,,351.6,1,9,0,0,0,0,0,0,0,0,,JAW,0,0
12C-2.1,1,2,C,2,1,2010-03-03,351.6,43.8,,,351.6,2,9,0,0,0,0,0,0,0,0,,JAW,0,0
12C-3.0,1,2,C,3,0,2010-03-03,380.4,45.2,,,380.4,1,9,0,0,0,0,15,0,0,0,,JAW,15,0
12C-3.0,1,2,C,3,0,2010-03-03,380.4,45.2,,,380.4,2,9,0,0,0,0,10,0,0,0,decaying?  Loose,JAW,10,0
12C-3.1,1,2,C,3,1,2010-03-03,395.2,32.7,,,395.2,1,9,0,0,0,0,0,0,0,0,very faint Stigonema off-grid,JAW,0,0
12C-3.1,1,2,C,3,1,2010-03-03,395.2,32.7,,,395.2,2,9,0,0,0,0,8,1,0,0,very faint,JAW,9,1
12C-4.0,1,2,C,4,0,2010-03-03,387.1,19.6,,,387.1,1,9,0,0,0,0,0,0,0,0,,JAW,0,0
12C-4.0,1,2,C,4,0,2010-03-03,387.1,19.6,,,387.1,2,9,0,0,0,0,14,0,0,0,"faint, messy",JAW,14,0
12C-4.1,1,2,C,4,1,2010-03-03,365.1,26.4,,,365.1,1,9,0,0,0,0,0,0,0,0,,JAW,0,0
12C-4.1,1,2,C,4,1,2010-03-03,365.1,26.4,,,365.1,2,9,0,0,0,0,0,0,0,0,,JAW,0,0
-.,,,,,,,,,,,0.0,,,0,0,0,0,0,0,0,0,,JAW,0,0
84A-1.0,8,4,A,1,0,2010-08-28,776.1,51.0,15.0,TRUE,761.1,1,9,0,0,0,0,152,9,2,0,"some fungus, big colony",JAW,163,9
84A-1.0,8,4,A,1,0,2010-08-28,776.1,51.0,15.0,TRUE,761.1,2,9,0,0,47,2,92,6,0,0,"some fungus, mostly immature Nostoc?",JAW,147,8
84A-1.1,8,4,A,1,1,2010-08-28,441.4,53.2,12.0,TRUE,429.4,1,9,0,0,0,0,50,0,2,0,faded blobs,JAW,52,0
84A-1.1,8,4,A,1,1,2010-08-28,441.4,53.2,12.0,TRUE,429.4,2,9,0,0,0,0,54,0,0,0,"faded blobs, faint",JAW,54,0
84A-2.0,8,4,A,2,0,2010-08-28,388.0,41.7,NA,FALSE,388.0,1,9,0,0,0,0,128,6,0,0,,JAW,134,6
84A-2.0,8,4,A,2,0,2010-08-28,388.0,41.7,NA,FALSE,388.0,2,9,0,0,0,0,94,5,0,0,,JAW,99,5
84A-2.1,8,4,A,2,1,2010-08-28,317.2,43.3,10.6,TRUE,306.6,1,9,0,0,0,0,29,1,1,0,,JAW,31,1
84A-2.1,8,4,A,2,1,2010-08-28,317.2,43.3,10.6,TRUE,306.6,2,9,0,0,0,0,7,0,0,0,,JAW,7,0
84A-3.0,8,4,A,3,0,2010-08-28,604.6,56.5,14.1,TRUE,590.5,1,9,0,0,27,1,171,5,0,0,"fungus, Immature Nostoc",JAW,204,6
84A-3.0,8,4,A,3,0,2010-08-28,604.6,56.5,14.1,TRUE,590.5,2,9,0,0,0,0,90,3,0,0,fungus,JAW,93,3
84A-3.1,8,4,A,3,1,2010-08-28,482.8,42.2,12.7,TRUE,470.1,1,9,0,0,0,0,30,1,0,0,fungus,JAW,31,1
84A-3.1,8,4,A,3,1,2010-08-28,482.8,42.2,12.7,TRUE,470.1,2,9,0,0,0,0,16,0,0,0,"fungus, more off-grid",JAW,16,0
84A-4.0,8,4,A,4,0,2010-08-28,627.8,76.4,9.6,TRUE,618.2,1,9,0,0,0,0,4,0,0,0,fungus,JAW,4,0
84A-4.0,8,4,A,4,0,2010-08-28,627.8,76.4,9.6,TRUE,618.2,2,9,0,0,0,0,11,0,0,0,"fungus, messy, glowing moss",JAW,11,0
84A-4.1,8,4,A,4,1,2010-08-28,585.0,47.5,12.6,TRUE,572.4,1,9,0,0,11,1,42,2,0,0,fungus,JAW,56,3
84A-4.1,8,4,A,4,1,2010-08-28,585.0,47.5,12.6,TRUE,572.4,2,9,0,0,0,0,11,7,1,0,fungus,JAW,19,7
84C-1.0,8,4,C,1,0,2010-08-28,392.0,44.2,12.3,TRUE,379.7,1,9,0,0,0,0,33,1,1,0,,JAW,35,1
84C-1.0,8,4,C,1,0,2010-08-28,392.0,44.2,12.3,TRUE,379.7,2,9,0,0,0,0,31,0,0,0,faded,JAW,31,0
84C-1.1,8,4,C,1,1,2010-08-28,438.2,43.6,10.6,TRUE,427.6,1,9,0,0,4,1,112,6,0,0,,JAW,123,7
84C-1.1,8,4,C,1,1,2010-08-28,438.2,43.6,10.6,TRUE,427.6,2,9,0,0,0,0,121,4,0,0,,JAW,125,4
84C-2.0,8,4,C,2,0,2010-08-28,308.0,30.4,8.4,TRUE,299.6,1,9,0,0,0,0,201,1,0,0,faint,JAW,202,1
84C-2.0,8,4,C,2,0,2010-08-28,308.0,30.4,8.4,TRUE,299.6,2,9,0,0,0,0,77,0,0,0,faint,JAW,77,0
84C-2.1,8,4,C,2,1,2010-08-28,497.0,80.8,8.8,TRUE,488.2,1,9,0,0,9,0,103,3,0,0,"fungus, faint, messy",JAW,115,3
84C-2.1,8,4,C,2,1,2010-08-28,497.0,80.8,8.8,TRUE,488.2,2,9,0,0,0,0,152,4,0,0,"fungus, faint, messy",JAW,156,4
84C-3.0,8,4,C,3,0,2010-08-28,345.9,36.1,9.7,FALSE,336.2,1,9,0,0,0,0,0,0,0,0,,JAW,0,0
84C-3.0,8,4,C,3,0,2010-08-28,345.9,36.1,9.7,FALSE,336.2,2,9,0,0,0,0,19,0,1,0,shriveled,JAW,20,0
84C-3.1,8,4,C,3,1,2010-08-28,838.3,55.1,13.6,FALSE,824.7,1,9,0,0,0,0,372,21,0,0,"some fungus, busy, bright, clear!",JAW,393,21
84C-3.1,8,4,C,3,1,2010-08-28,838.3,55.1,13.6,FALSE,824.7,2,9,0,0,0,0,325,21,0,0,"some fungus, busy, bright, clear!",JAW,346,21
84C-4.0,8,4,C,4,0,2010-08-28,312.0,52.3,11.7,TRUE,300.3,1,9,0,0,0,0,61,0,1,0,faint,JAW,62,0
84C-4.0,8,4,C,4,0,2010-08-28,312.0,52.3,11.7,TRUE,300.3,2,9,0,0,0,0,19,0,0,0,faint,JAW,19,0
84C-4.1,8,4,C,4,1,2010-08-28,374.5,48.0,12.5,TRUE,362.0,1,9,0,0,0,0,19,1,0,0,fungus,JAW,20,1
84C-4.1,8,4,C,4,1,2010-08-28,374.5,48.0,12.5,TRUE,362.0,2,9,0,0,0,0,113,3,0,0,"fungus, faint",JAW,116,3
74A-1.0,7,4,A,1,0,2010-08-26,587.3,79.6,16.0,TRUE,571.3,1,9,0,0,0,0,3,0,0,0,FUNGUS,JAW,3,0
74A-1.0,7,4,A,1,0,2010-08-26,587.3,79.6,16.0,TRUE,571.3,2,9,0,0,0,0,37,3,0,0,"FUNGUS, faint",JAW,40,3
74A-1.1,7,4,A,1,1,2010-08-26,578.3,47.7,13.4,TRUE,564.9,1,9,0,0,28,1,130,4,0,0,Immature Nostoc,JAW,163,5
74A-1.1,7,4,A,1,1,2010-08-26,578.3,47.7,13.4,TRUE,564.9,2,9,0,0,0,0,86,3,0,0,,JAW,89,3
74A-2.0,7,4,A,2,0,2010-08-26,518.0,69.5,12.0,TRUE,506.0,1,9,0,0,0,0,0,0,0,0,,JAW,0,0
74A-2.0,7,4,A,2,0,2010-08-26,518.0,69.5,12.0,TRUE,506.0,2,9,0,0,0,0,0,0,0,0,,JAW,0,0
74A-2.1,7,4,A,2,1,2010-08-26,828.1,82.1,13.1,TRUE,815.0,1,9,0,0,0,0,55,2,0,0,"banana FUNGUS, faint",JAW,57,2
74A-2.1,7,4,A,2,1,2010-08-26,828.1,82.1,13.1,TRUE,815.0,2,9,0,0,0,0,176,9,0,0,"banana FUNGUS, some faint",JAW,185,9
74A-3.0,7,4,A,3,0,2010-08-26,667.5,58.1,11.3,TRUE,656.2,1,9,0,0,0,0,0,0,0,0,fungus,JAW,0,0
74A-3.0,7,4,A,3,0,2010-08-26,667.5,58.1,11.3,TRUE,656.2,2,9,0,0,4,2,0,0,2,0,fungus,JAW,8,2
74A-3.1,7,4,A,3,1,2010-08-26,606.5,76.9,11.5,TRUE,595.0,1,9,0,0,0,0,44,0,0,0,,JAW,44,0
74A-3.1,7,4,A,3,1,2010-08-26,606.5,76.9,11.5,TRUE,595.0,2,9,0,0,0,0,14,0,0,0,,JAW,14,0
74A-4.0,7,4,A,4,0,2010-08-26,545.5,57.6,14.0,TRUE,531.5,1,9,0,0,0,0,0,0,0,0,,JAW,0,0
74A-4.0,7,4,A,4,0,2010-08-26,545.5,67.6,14.0,TRUE,531.5,2,9,0,0,0,0,12,0,0,0,faint,JAW,12,0
74A-4.1,7,4,A,4,1,2010-08-26,693.0,79.5,13.0,TRUE,680.0,1,9,0,0,0,0,123,4,0,0,fungus,JAW,127,4
74A-4.1,7,4,A,4,1,2010-08-26,693.0,79.5,13.0,TRUE,680.0,2,9,0,0,0,0,183,4,0,0,fungus,JAW,187,4
74C-1.0,7,4,C,1,0,2010-08-27,328.1,44.3,12.8,TRUE,315.3,1,9,0,0,0,0,0,0,0,0,,JAW,0,0
74C-1.0,7,4,C,1,0,2010-08-27,328.1,44.3,12.8,TRUE,315.3,2,9,0,0,0,0,19,1,0,0,,JAW,20,1
74C-1.1,7,4,C,1,1,2010-08-27,273.9,34.0,16.1,TRUE,257.8,1,9,0,0,0,0,14,0,0,0,,JAW,14,0
74C-1.1,7,4,C,1,1,2010-08-27,273.9,34.0,16.1,TRUE,257.8,2,9,0,0,0,0,15,0,0,0,,JAW,15,0
74C-2.0,7,4,C,2,0,2010-08-27,367.4,42.1,15.2,TRUE,352.2,1,9,0,0,0,0,84,0,1,0,,JAW,85,0
74C-2.0,7,4,C,2,0,2010-08-27,367.4,42.1,15.2,TRUE,352.2,2,9,0,0,0,0,132,2,0,0,,JAW,134,2
74C-2.1,7,4,C,2,1,2010-08-27,531.0,49.6,16.0,TRUE,515.0,1,9,0,0,0,0,13,0,0,0,,JAW,13,0
74C-2.1,7,4,C,2,1,2010-08-27,531.0,49.6,16.0,TRUE,515.0,2,9,0,0,0,0,83,0,0,0,,JAW,83,0
74C-3.0,7,4,C,3,0,2010-08-27,435.8,46.3,14.1,FALSE,421.7,1,9,0,0,0,0,44,2,2,0,,JAW,48,2
74C-3.0,7,4,C,3,0,2010-08-27,435.8,46.3,14.1,FALSE,421.7,2,9,0,0,0,0,71,4,0,0,,JAW,75,4
74C-3.1,7,4,C,3,1,2010-08-27,330.0,57.7,12.7,TRUE,317.3,1,9,0,0,0,0,30,1,0,0,,JAW,31,1
74C-3.1,7,4,C,3,1,2010-08-27,330.0,57.7,12.7,TRUE,317.3,2,9,0,0,0,0,39,1,0,0,,JAW,40,1
74C-4.0,7,4,C,4,0,2010-08-27,429.1,40.7,15.0,FALSE,414.1,1,9,0,0,19,1,77,0,0,0,,JAW,97,1
74C-4.0,7,4,C,4,0,2010-08-27,429.1,40.7,15.0,FALSE,414.1,2,9,0,0,0,0,136,1,0,0,fuzzy blobs,JAW,137,1
74C-4.1,7,4,C,4,1,2010-08-27,601.1,71.2,12.9,TRUE,588.2,1,9,0,0,0,0,120,2,0,0,faded blobs,JAW,122,2
74C-4.1,7,4,C,4,1,2010-08-27,601.1,71.2,12.9,TRUE,588.2,2,9,0,0,0,0,87,0,0,0,faded blobs,JAW,87,0
64A-1.0,6,4,A,1,0,2010-06-28,612.0,59.4,,TRUE,612.0,1,9,0,0,0,0,0,0,0,0,fungus,JAW,0,0
64A-1.0,6,4,A,1,0,2010-06-28,612.0,59.4,,TRUE,612.0,2,9,0,0,0,0,0,0,1,0,fungus,JAW,1,0
64A-1.1,6,4,A,1,1,2010-06-28,657.4,52.0,,TRUE,657.4,1,9,0,0,0,0,0,0,0,0,,JAW,0,0
64A-1.1,6,4,A,1,1,2010-06-28,657.4,52.0,,TRUE,657.4,2,9,0,0,0,0,0,0,0,0,,JAW,0,0
64A-2.0,6,4,A,2,0,2010-06-28,738.6,75.4,,TRUE,738.6,1,9,0,0,0,0,0,0,0,0,fungus,JAW,0,0
64A-2.0,6,4,A,2,0,2010-06-28,738.6,75.4,,TRUE,738.6,2,9,0,0,0,0,21,1,0,0,"fungus, messy",JAW,22,1
64A-2.1,6,4,A,2,1,2010-06-28,574.2,61.3,,TRUE,574.2,1,9,0,0,0,0,22,2,0,0,"fungus, faint",JAW,24,2
64A-2.1,6,4,A,2,1,2010-06-28,574.2,61.3,,TRUE,574.2,2,9,0,0,0,0,5,0,1,0,"fungus, faint",JAW,6,0
64A-3.0,6,4,A,3,0,2010-06-28,315.3,52.4,NA,FALSE,315.3,1,9,0,0,0,0,0,0,0,0,,JAW,0,0
64A-3.0,6,4,A,3,0,2010-06-28,315.3,52.4,NA,FALSE,315.3,2,9,0,0,0,0,0,0,0,0,,JAW,0,0
64A-3.1,6,4,A,3,1,2010-06-28,509.8,61.2,,TRUE,509.8,1,9,0,0,0,0,17,0,0,0,fungus,JAW,17,0
64A-3.1,6,4,A,3,1,2010-06-28,509.8,61.2,,TRUE,509.8,2,9,0,0,0,0,0,0,0,0,fungus,JAW,0,0
64A-4.0,6,4,A,4,0,2010-06-28,470.6,45.1,,TRUE,470.6,1,9,0,0,0,0,49,0,4,0,,JAW,53,0
64A-4.0,6,4,A,4,0,2010-06-28,470.6,45.1,,TRUE,470.6,2,9,0,0,0,0,34,0,0,0,,JAW,34,0
64A-4.1,6,4,A,4,1,2010-06-28,320.2,36.7,NA,FALSE,320.2,1,9,0,0,0,0,0,0,0,0,,JAW,0,0
64A-4.1,6,4,A,4,1,2010-06-28,320.2,36.7,NA,FALSE,320.2,2,9,0,0,0,0,5,0,1,0,,JAW,6,0
64C-1.0,6,4,C,1,0,2010-06-29,408.1,38.6,12.4,TRUE,395.7,1,9,0,0,0,0,0,0,0,0,,JAW,0,0
64C-1.0,6,4,C,1,0,2010-06-29,408.1,38.6,12.4,TRUE,395.7,2,9,0,0,5,0,0,0,0,0,,JAW,5,0
64C-1.1,6,4,C,1,1,2010-06-29,424.0,24.1,NA,FALSE,424.0,1,9,0,0,0,0,0,0,0,0,,JAW,0,0
64C-1.1,6,4,C,1,1,2010-06-29,424.0,24.1,NA,FALSE,424.0,2,9,0,0,0,0,0,0,0,0,,JAW,0,0
64C-2.0,6,4,C,2,0,2010-06-29,272.4,32.7,NA,FALSE,272.4,1,9,0,0,0,0,0,0,0,0,,JAW,0,0
64C-2.0,6,4,C,2,0,2010-06-29,272.4,32.7,NA,FALSE,272.4,2,9,0,0,0,0,0,0,0,0,,JAW,0,0
64C-2.1,6,4,C,2,1,2010-06-29,282.5,36.5,14.6,TRUE,267.9,1,9,0,0,0,0,0,0,0,0,,JAW,0,0
64C-2.1,6,4,C,2,1,2010-06-29,282.5,36.5,14.6,TRUE,267.9,2,9,0,0,0,0,0,0,0,0,,JAW,0,0
64C-3.0,6,4,C,3,0,2010-06-29,371.6,37.5,NA,FALSE,371.6,1,9,0,0,0,0,0,0,0,0,,JAW,0,0
64C-3.0,6,4,C,3,0,2010-06-29,371.6,37.5,NA,FALSE,371.6,2,9,0,0,0,0,9,1,0,0,,JAW,10,1
64C-3.1,6,4,C,3,1,2010-06-29,367.2,37.1,19.7,TRUE,347.5,1,9,0,0,0,0,0,0,0,0,fungus,JAW,0,0
64C-3.1,6,4,C,3,1,2010-06-29,367.2,37.1,19.7,TRUE,347.5,2,9,0,0,0,0,4,0,1,0,"fungus, very bright singleton",JAW,5,0
64C-4.0,6,4,C,4,0,2010-06-29,335.2,36.0,12.1,TRUE,323.1,1,9,0,0,0,0,0,0,0,0,,JAW,0,0
64C-4.0,6,4,C,4,0,2010-06-29,335.2,36.0,12.1,TRUE,323.1,2,9,0,0,0,0,0,0,0,0,,JAW,0,0
64C-4.1,6,4,C,4,1,2010-06-29,265.0,34.3,10.8,TRUE,254.2,1,9,0,0,0,0,0,0,0,0,,JAW,0,0
64C-4.1,6,4,C,4,1,2010-06-29,265.0,34.3,10.8,TRUE,254.2,2,9,0,0,0,0,0,0,0,0,,JAW,0,0
54A-1.0,5,4,A,1,0,2010-07-14,438.8,66.7,14.0,TRUE,424.8,1,9,0,0,0,0,186,13,0,0,some fungus,JAW,199,13
54A-1.0,5,4,A,1,0,2010-07-14,438.8,66.7,14.0,TRUE,424.8,2,9,0,0,0,0,70,4,0,0,"some fungus, some faint?",JAW,74,4
54A-1.1,5,4,A,1,1,2010-07-14,641.6,34.0,NA,FALSE,641.6,1,9,0,0,0,0,0,0,0,0,,JAW,0,0
54A-1.1,5,4,A,1,1,2010-07-14,641.6,34.0,NA,FALSE,641.6,2,9,0,0,0,0,0,0,0,0,,JAW,0,0
54A-2.0,5,4,A,2,0,2010-07-14,609.9,86.3,14.5,TRUE,595.4,1,9,0,0,0,0,0,0,0,0,,JAW,0,0
54A-2.0,5,4,A,2,0,2010-07-14,609.9,86.3,14.5,TRUE,595.4,2,9,0,0,0,0,1,0,0,0,,JAW,1,0
54A-2.1,5,4,A,2,1,2010-07-14,582.2,54.2,17.2,TRUE,565.0,1,9,0,0,0,0,0,0,0,0,,JAW,0,0
54A-2.1,5,4,A,2,1,2010-07-14,582.2,54.2,17.2,TRUE,565.0,2,9,0,0,0,0,2,0,0,0,,JAW,2,0
54A-3.0,5,4,A,3,0,2010-07-14,638.8,102.8,12.0,TRUE,626.8,1,9,0,0,0,0,122,6,0,0,fungus,JAW,128,6
54A-3.0,5,4,A,3,0,2010-07-14,638.8,102.8,12.0,TRUE,626.8,2,9,0,0,0,0,78,3,0,0,fungus,JAW,81,3
54A-3.1,5,4,A,3,1,2010-07-14,589.6,39.6,NA,FALSE,589.6,1,9,0,0,0,0,28,2,0,0,"ungus, thread shoot too short (<6 cm)",JAW,30,2
54A-3.1,5,4,A,3,1,2010-07-14,589.6,39.6,NA,FALSE,589.6,2,9,0,0,0,0,46,3,0,0,"fungus, thread shoot too short (<6 cm)",JAW,49,3
54A-4.0,5,4,A,4,0,2010-07-14,351.6,52.8,15.8,TRUE,335.8,1,9,0,0,0,0,0,0,2,0,,JAW,2,0
54A-4.0,5,4,A,4,0,2010-07-14,351.6,52.8,15.8,TRUE,335.8,2,9,0,0,0,0,0,0,5,0,,JAW,5,0
54A-4.1,5,4,A,4,1,2010-07-14,601.8,73.5,17.9,TRUE,583.9,1,9,0,0,0,0,0,0,0,0,,JAW,0,0
54A-4.1,5,4,A,4,1,2010-07-14,601.8,73.5,17.9,TRUE,583.9,2,9,0,0,0,0,0,0,0,0,,JAW,0,0
54C-1.0,5,4,C,1,0,2010-07-15,484.0,63.3,15.4,TRUE,468.6,1,9,0,0,0,0,0,0,0,0,,JAW,0,0
54C-1.0,5,4,C,1,0,2010-07-15,484.0,63.3,15.4,TRUE,468.6,2,9,0,0,0,0,0,0,0,0,,JAW,0,0
54C-1.1,5,4,C,1,1,2010-07-15,620.3,33.0,17.0,TRUE,603.3,1,9,0,0,0,0,0,0,0,0,,JAW,0,0
54C-1.1,5,4,C,1,1,2010-07-15,620.3,33.0,17.0,TRUE,603.3,2,9,0,0,0,0,0,0,0,0,,JAW,0,0
54C-2.0,5,4,C,2,0,2010-07-15,481.0,43.3,16.1,FALSE,464.9,1,9,0,0,0,0,26,1,0,0,faint?,JAW,27,1
54C-2.0,5,4,C,2,0,2010-07-15,481.0,43.3,16.1,FALSE,464.9,2,9,0,0,0,0,34,1,0,0,decomposing?,JAW,35,1
54C-2.1,5,4,C,2,1,2010-07-15,652.7,89.6,12.6,TRUE,640.1,1,9,0,0,0,0,36,1,0,0,very faint - decomposing?,JAW,37,1
54C-2.1,5,4,C,2,1,2010-07-15,652.7,89.6,12.6,TRUE,640.1,2,9,0,0,0,0,0,0,0,0,,JAW,0,0
54C-3.0,5,4,C,3,0,2010-07-15,300.5,41.6,12.2,TRUE,288.3,1,9,0,0,0,0,0,0,0,0,,JAW,0,0
54C-3.0,5,4,C,3,0,2010-07-15,300.5,41.6,12.2,TRUE,288.3,2,9,0,0,0,0,15,0,0,0,,JAW,15,0
54C-3.1,5,4,C,3,1,2010-07-15,516.2,60.1,13.3,TRUE,502.9,1,9,0,0,0,0,0,0,0,2,,JAW,2,0
54C-3.1,5,4,C,3,1,2010-07-15,516.2,60.1,13.3,TRUE,502.9,2,9,0,0,0,0,0,0,0,0,non-fluorescing?,JAW,0,0
54C-4.0,5,4,C,4,0,2010-07-15,445.8,43.2,12.8,TRUE,433.0,1,9,0,0,0,0,25,0,0,0,,JAW,25,0
54C-4.0,5,4,C,4,0,2010-07-15,445.8,43.2,12.8,TRUE,433.0,2,9,0,0,0,0,0,0,0,0,,JAW,0,0
54C-4.1,5,4,C,4,1,2010-07-15,682.2,40.7,16.4,TRUE,665.8,1,9,0,0,0,0,0,0,0,0,,JAW,0,0
54C-4.1,5,4,C,4,1,2010-07-15,682.2,40.7,16.4,TRUE,665.8,2,9,0,0,0,0,0,0,0,0,,JAW,0,0
44A-1.0,4,4,A,1,0,2010-08-04,517.4,47.2,17.0,TRUE,500.4,1,9,0,0,0,0,6,0,0,0,,JAW,6,0
44A-1.0,4,4,A,1,0,2010-08-04,517.4,47.2,17.0,TRUE,500.4,2,9,0,0,0,0,1,0,0,0,,JAW,1,0
44A-1.1,4,4,A,1,1,2010-08-04,402.8,51.4,13.7,TRUE,389.1,1,9,0,0,0,0,0,0,0,0,FUNGUS,JAW,0,0
44A-1.1,4,4,A,1,1,2010-08-04,402.8,51.4,13.7,TRUE,389.1,2,9,0,0,0,0,0,0,0,0,FUNGUS,JAW,0,0
44A-2.0,4,4,A,2,0,2010-08-04,646.3,69.9,12.6,TRUE,633.7,1,9,0,0,0,0,0,0,0,0,,JAW,0,0
44A-2.0,4,4,A,2,0,2010-08-04,646.3,69.9,12.6,TRUE,633.7,2,9,0,0,0,0,0,0,0,0,,JAW,0,0
44A-2.1,4,4,A,2,1,2010-08-04,426.0,60.4,13.8,TRUE,412.2,1,9,0,0,0,0,0,0,0,0,,JAW,0,0
44A-2.1,4,4,A,2,1,2010-08-04,426.0,60.4,13.8,TRUE,412.2,2,9,0,0,0,0,0,0,1,0,,JAW,1,0
44A-3.0,4,4,A,3,0,2010-08-04,663.8,55.9,17.2,TRUE,646.6,1,9,0,0,0,0,3,0,0,0,,JAW,3,0
44A-3.0,4,4,A,3,0,2010-08-04,663.8,55.9,17.2,TRUE,646.6,2,9,0,0,0,0,0,0,0,0,,JAW,0,0
44A-3.1,4,4,A,3,1,2010-08-04,538.5,36.9,15.1,TRUE,523.4,1,9,0,0,22,2,27,3,0,0,"fungus, immature Nostoc",JAW,54,5
44A-3.1,4,4,A,3,1,2010-08-04,538.5,36.9,15.1,TRUE,523.4,2,9,0,0,0,0,63,4,0,0,fungus,JAW,67,4
44A-4.0,4,4,A,4,0,2010-08-04,515.5,43.4,16.1,TRUE,499.4,1,9,0,0,0,0,78,0,0,0,FUNGUS,JAW,78,0
44A-4.0,4,4,A,4,0,2010-08-04,515.5,43.4,16.1,TRUE,499.4,2,9,0,0,0,0,21,3,0,0,FUNGUS,JAW,24,3
44A-4.1,4,4,A,4,1,2010-08-04,362.3,65.3,15.2,TRUE,347.1,1,9,0,0,0,0,0,0,0,0,,JAW,0,0
44A-4.1,4,4,A,4,1,2010-08-04,362.3,65.3,15.2,TRUE,347.1,2,9,0,0,0,0,0,0,0,0,,JAW,0,0
44B-1.0,4,4,B,1,0,2010-08-04,399.4,37.2,13.7,TRUE,385.7,1,9,0,0,0,0,3,0,0,0,,JAW,3,0
44B-1.0,4,4,B,1,0,2010-08-04,399.4,37.2,13.7,TRUE,385.7,2,9,0,0,0,0,0,0,0,0,,JAW,0,0
44C-1.0,4,4,C,1,0,2010-08-04,293.9,33.5,10.9,TRUE,283.0,1,9,0,0,0,0,122,4,0,0,,JAW,126,4
44C-1.0,4,4,C,1,0,2010-08-04,293.9,33.5,10.9,TRUE,283.0,2,9,0,0,0,0,52,1,0,0,,JAW,53,1
44C-1.1,4,4,C,1,1,2010-08-04,288.8,28.3,12.8,TRUE,276.0,1,9,0,0,0,0,12,0,0,0,,JAW,12,0
44C-1.1,4,4,C,1,1,2010-08-04,288.8,28.3,12.8,TRUE,276.0,2,9,0,0,0,0,0,0,0,0,,JAW,0,0
44C-2.0,4,4,C,2,0,2010-08-04,295.5,32.2,12.3,TRUE,283.2,1,9,0,0,0,0,22,1,0,0,,JAW,23,1
44C-2.0,4,4,C,2,0,2010-08-04,295.5,32.2,12.3,TRUE,283.2,2,9,0,0,0,0,15,2,0,0,,JAW,17,2
44C-2.1,4,4,C,2,1,2010-08-04,498.8,52.4,12.8,TRUE,486.0,1,9,0,0,0,0,23,1,0,0,fungus,JAW,24,1
44C-2.1,4,4,C,2,1,2010-08-04,498.8,52.4,12.8,TRUE,486.0,2,9,0,0,0,0,50,3,0,0,fungus,JAW,53,3
44C-3.0,4,4,C,3,0,2010-08-04,355.5,29.9,13.5,TRUE,342.0,1,9,0,0,6,1,50,0,0,0,,JAW,57,1
44C-3.0,4,4,C,3,0,2010-08-04,355.5,29.9,13.5,TRUE,342.0,2,9,0,0,0,0,82,0,0,0,,JAW,82,0
44C-3.1,4,4,C,3,1,2010-08-04,483.4,51.1,15.0,TRUE,468.4,1,9,0,0,0,0,133,9,0,0,FUNGUS,JAW,142,9
44C-3.1,4,4,C,3,1,2010-08-04,483.4,51.1,15.0,TRUE,468.4,2,9,0,0,0,0,144,7,0,0,FUNGUS,JAW,151,7
44C-4.0,4,4,C,4,0,2010-08-04,428.9,54.8,17.2,TRUE,411.7,1,9,0,0,44,2,110,1,0,0,immature Nostoc,JAW,157,3
44C-4.0,4,4,C,4,0,2010-08-04,428.9,54.8,17.2,TRUE,411.7,2,9,0,0,28,2,70,1,0,0,,JAW,101,3
44C-4.1,4,4,C,4,1,2010-08-04,561.0,87.8,12.2,TRUE,548.8,1,9,0,0,0,0,24,1,0,0,,JAW,25,1
44C-4.1,4,4,C,4,1,2010-08-04,561.0,87.8,12.2,TRUE,548.8,2,9,0,0,0,0,16,0,0,0,,JAW,16,0
34A-1.0,3,4,A,1,0,2010-08-18,308.8,20.5,16.3,FALSE,292.5,1,9,0,0,0,0,0,0,0,0,,JAW,0,0
34A-1.0,3,4,A,1,0,2010-08-18,308.8,20.5,16.3,FALSE,292.5,2,9,0,0,0,0,0,0,0,0,,JAW,0,0
34A-1.1,3,4,A,1,1,2010-08-18,304.0,26.2,14.0,TRUE,290.0,1,9,0,0,0,0,0,0,0,0,,JAW,0,0
34A-1.1,3,4,A,1,1,2010-08-18,304.0,26.2,14.0,TRUE,290.0,2,9,0,0,0,0,0,0,0,0,Shriveles Stigonema?,JAW,0,0
34A-2.0,3,4,A,2,0,2010-08-18,358.8,32.8,18.1,FALSE,340.7,1,9,0,0,0,0,7,0,0,0,? Fungus,JAW,7,0
34A-2.0,3,4,A,2,0,2010-08-18,358.8,32.8,18.1,FALSE,340.7,2,9,0,0,0,0,6,0,0,0,? Fungus,JAW,6,0
34A-2.1,3,4,A,2,1,2010-08-18,550.6,44.9,20.3,TRUE,530.3,1,9,0,0,12,0,48,5,0,0,fungus + messy,JAW,65,5
34A-2.1,3,4,A,2,1,2010-08-18,550.6,44.9,20.3,TRUE,530.3,2,9,0,0,0,0,102,3,0,0,fungus + messy,JAW,105,3
34A-3.0,3,4,A,3,0,2010-08-18,595.2,55.3,15.5,TRUE,579.7,1,9,0,0,0,0,0,0,0,0,,JAW,0,0
34A-3.0,3,4,A,3,0,2010-08-18,595.2,55.3,15.5,TRUE,579.7,2,9,0,0,0,0,11,1,0,0,faint,JAW,12,1
34A-3.1,3,4,A,3,1,2010-08-18,438.1,46.9,19.7,TRUE,418.4,1,9,0,0,0,0,43,3,0,0,fungus,JAW,46,3
34A-3.1,3,4,A,3,1,2010-08-18,438.1,46.9,19.7,TRUE,418.4,2,9,0,0,0,0,31,0,2,0,fungus,JAW,33,0
34A-4.0,3,4,A,4,0,2010-08-18,347.1,44.0,NA,FALSE,347.1,1,9,0,0,0,0,0,0,0,0,,JAW,0,0
34A-4.0,3,4,A,4,0,2010-08-18,347.1,44.0,NA,FALSE,347.1,2,9,0,0,0,0,8,1,0,0,faint,JAW,9,1
34A-4.1,3,4,A,4,1,2010-08-18,399.3,56.4,15.1,TRUE,384.2,1,9,0,0,0,0,0,0,0,0,,JAW,0,0
34A-4.1,3,4,A,4,1,2010-08-18,399.3,56.4,15.1,TRUE,384.2,2,9,0,0,3,0,0,0,0,0,+ shriveled Stigonema?,JAW,3,0
34C-1.0,3,4,C,1,0,2010-08-23,523.7,49.9,13.8,TRUE,509.9,1,9,0,0,0,0,65,2,0,0,faint,JAW,67,2
34C-1.0,3,4,C,1,0,2010-08-23,523.7,49.9,13.8,TRUE,509.9,2,9,0,0,17,1,36,0,0,0,faint,JAW,54,1
34C-1.1,3,4,C,1,1,2010-08-23,264.0,26.4,12.0,FALSE,252.0,1,9,0,0,0,0,8,2,0,0,Hormogonium?,JAW,10,2
34C-1.1,3,4,C,1,1,2010-08-23,264.0,26.4,12.0,FALSE,252.0,2,9,0,0,0,0,5,0,0,0,,JAW,5,0
34C-2.0,3,4,C,2,0,2010-08-23,234.7,38.6,14.3,FALSE,220.4,1,9,0,0,0,0,140,3,0,0,Big fuzzy colony; faint + messy,JAW,143,3
34C-2.0,3,4,C,2,0,2010-08-23,234.7,38.6,14.3,FALSE,220.4,2,9,0,0,0,0,93,2,0,0,"faint, decomposition?",JAW,95,2
34C-2.1,3,4,C,2,1,2010-08-23,528.9,45.6,14.9,TRUE,514.0,1,9,0,0,0,0,77,1,0,0,"fungus (banana), BIG fuzzy colony?",JAW,78,1
34C-2.1,3,4,C,2,1,2010-08-23,528.9,45.6,14.9,TRUE,514.0,2,9,0,0,0,0,0,0,0,0,,JAW,0,0
34C-3.0,3,4,C,3,0,2010-08-23,427.5,67.5,16.5,TRUE,411.0,1,9,0,0,0,0,30,3,0,0,,JAW,33,3
34C-3.0,3,4,C,3,0,2010-08-23,427.5,67.5,16.5,TRUE,411.0,2,9,0,0,0,0,24,1,0,0,,JAW,25,1
34C-3.1,3,4,C,3,1,2010-08-23,441.1,55.1,14.3,TRUE,426.8,1,9,0,0,5,1,59,6,0,0,banana fungus,JAW,71,7
34C-3.1,3,4,C,3,1,2010-08-23,441.1,55.1,14.3,TRUE,426.8,2,9,0,0,17,2,56,3,0,0,,JAW,78,5
34C-4.0,3,4,C,4,0,2010-08-23,232.0,30.1,14.1,TRUE,217.9,1,9,0,0,0,0,0,0,0,0,faded Stigonema?,JAW,0,0
34C-4.0,3,4,C,4,0,2010-08-23,232.0,30.1,14.1,TRUE,217.9,2,9,0,0,0,0,0,0,0,0,,JAW,0,0
34C-4.1,3,4,C,4,1,2010-08-23,469.5,27.0,15.0,TRUE,454.5,1,9,0,0,0,0,86,7,0,0,fungus,JAW,93,7
34C-4.1,3,4,C,4,1,2010-08-23,469.5,27.0,15.0,TRUE,454.5,2,9,0,0,0,0,68,2,0,0,"fungus, fuzzy decomposition?",JAW,70,2
24A-1.0,2,4,A,1,0,2010-08-23,601.3,58.8,13.0,TRUE,588.3,1,9,0,0,0,0,44,3,0,0,"fungus, 1 big colony (Nostoc?)",JAW,47,3
24A-1.0,2,4,A,1,0,2010-08-23,601.3,58.8,13.0,TRUE,588.3,2,9,0,0,0,0,0,0,0,0,fungus,JAW,0,0
24A-1.1,2,4,A,1,1,2010-08-23,504.0,51.4,8.8,FALSE,495.2,1,9,0,0,0,0,17,2,0,0,fungus,JAW,19,2
24A-1.1,2,4,A,1,1,2010-08-23,504.0,51.4,8.8,FALSE,495.2,2,9,0,0,0,0,56,4,0,0,fungus,JAW,60,4
24A-2.0,2,4,A,2,0,2010-08-23,489.0,39.4,17.2,TRUE,471.8,1,9,0,0,0,0,11,0,0,0,,JAW,11,0
24A-2.0,2,4,A,2,0,2010-08-23,489.0,39.4,17.2,TRUE,471.8,2,9,0,0,0,0,101,5,0,0,faint (dim),JAW,106,5
24A-2.1,2,4,A,2,1,2010-08-23,567.0,63.6,15.0,TRUE,552.0,1,9,0,0,0,0,60,4,0,0,fungus,JAW,64,4
24A-2.1,2,4,A,2,1,2010-08-23,567.0,63.6,15.0,TRUE,552.0,2,9,0,0,0,0,51,6,0,0,fungus,JAW,57,6
24A-3.0,2,4,A,3,0,2010-08-23,688.3,59.4,18.8,TRUE,669.5,1,9,0,0,0,0,1,0,0,0,fungus,JAW,1,0
24A-3.0,2,4,A,3,0,2010-08-23,688.3,59.4,18.8,TRUE,669.5,2,9,0,0,0,0,12,0,0,0,fungus,JAW,12,0
24A-3.1,2,4,A,3,1,2010-08-23,656.8,79.6,18.0,TRUE,638.8,1,9,0,0,0,0,57,2,0,0,fungus,JAW,59,2
24A-3.1,2,4,A,3,1,2010-08-23,656.8,79.6,18.0,TRUE,535.3,2,9,0,0,0,0,70,3,0,0,fungus,JAW,73,3
24A-4.0,2,4,A,4,0,2010-08-23,553.3,57.4,14.3,TRUE,539.0,1,9,0,0,0,0,143,6,0,0,fungus,JAW,149,6
24A-4.0,2,4,A,4,0,2010-08-23,553.3,57.4,14.3,TRUE,557.3,2,9,0,0,85,6,52,1,0,0,"fungus, Immature Nostoc?",JAW,144,7
24A-4.1,2,4,A,4,1,2010-08-23,571.6,46.4,11.0,TRUE,560.6,1,9,0,0,0,0,0,0,0,0,,JAW,0,0
24A-4.1,2,4,A,4,1,2010-08-23,571.6,46.4,11.0,TRUE,534.8,2,9,0,0,0,0,0,0,0,0,,JAW,0,0
24C-1.0,2,4,C,1,0,2010-08-24,545.8,69.9,12.7,TRUE,533.1,1,9,0,0,0,0,65,2,0,0,mostly 1 big colony,JAW,67,2
24C-1.0,2,4,C,1,0,2010-08-24,545.8,69.9,12.7,TRUE,533.1,2,9,0,0,0,0,49,3,0,0,,JAW,52,3
24C-1.1,2,4,C,1,1,2010-08-24,547.4,50.8,16.2,FALSE,531.2,1,9,0,0,0,0,101,6,0,0,"fungus, some faint",JAW,107,6
24C-1.1,2,4,C,1,1,2010-08-24,547.4,50.8,16.2,FALSE,531.2,2,9,0,0,0,0,121,5,1,0,fungus,JAW,127,5
24C-2.0,2,4,C,2,0,2010-08-24,610.1,68.3,10.8,FALSE,599.3,1,9,0,0,0,0,37,0,0,0,faint,JAW,37,0
24C-2.0,2,4,C,2,0,2010-08-24,610.1,68.3,10.8,FALSE,599.3,2,9,0,0,0,0,231,0,0,0,faint (messy),JAW,231,0
24C-2.1,2,4,C,2,1,2010-08-24,687.4,44.9,17.1,TRUE,670.3,1,9,0,0,0,0,64,1,0,0,,JAW,65,1
24C-2.1,2,4,C,2,1,2010-08-24,687.4,44.9,17.1,TRUE,670.3,2,9,0,0,0,0,97,5,0,0,,JAW,102,5
24C-3.0,2,4,C,3,0,2010-08-24,583.0,62.3,15.3,TRUE,567.7,1,9,0,0,0,0,80,4,0,0,,JAW,84,4
24C-3.0,2,4,C,3,0,2010-08-24,583.0,62.3,15.3,TRUE,567.7,2,9,0,0,0,0,66,3,1,0,,JAW,70,3
24C-3.1,2,4,C,3,1,2010-08-24,433.5,51.0,14.0,TRUE,419.5,1,9,0,0,0,0,35,2,0,0,faint?,JAW,37,2
24C-3.1,2,4,C,3,1,2010-08-24,433.5,51.0,14.0,TRUE,419.5,2,9,0,0,0,0,167,6,0,0,faint,JAW,173,6
24C-4.0,2,4,C,4,0,2010-08-24,601.1,48.8,14.7,FALSE,586.4,1,9,0,0,0,0,105,11,0,0,,JAW,116,11
24C-4.0,2,4,C,4,0,2010-08-24,601.1,48.8,14.7,FALSE,586.4,2,9,0,0,0,0,75,4,0,0,,JAW,79,4
24C-4.1,2,4,C,4,1,2010-08-24,636.6,58.4,15.7,TRUE,620.9,1,9,0,0,0,0,146,8,0,0,fungus,JAW,154,8
24C-4.1,2,4,C,4,1,2010-08-24,636.6,58.4,15.7,TRUE,620.9,2,9,0,0,0,0,160,3,0,0,fungus,JAW,163,3
14A-1.0,1,4,A,1,0,2010-08-25,678.2,79.5,16.6,TRUE,661.6,1,9,0,0,0,0,0,0,0,0,"fungus, glowing moss",JAW,0,0
14A-1.0,1,4,A,1,0,2010-08-25,678.2,79.5,16.6,TRUE,661.6,2,9,0,0,7,0,0,0,0,0,"fungus, immature Nostoc?",JAW,7,0
14A-1.1,1,4,A,1,1,2010-08-25,557.7,55.7,14.0,TRUE,543.7,1,9,0,0,0,0,0,0,0,0,glowing moss,JAW,0,0
14A-1.1,1,4,A,1,1,2010-08-25,557.7,55.7,14.0,TRUE,543.7,2,9,0,0,0,0,0,0,0,0,,JAW,0,0
14A-2.0,1,4,A,2,0,2010-08-25,439.3,52.3,17.3,TRUE,422.0,1,9,0,0,11,1,0,0,0,0,fungus,JAW,12,1
14A-2.0,1,4,A,2,0,2010-08-25,439.3,52.3,17.3,TRUE,422.0,2,9,0,0,8,1,0,0,1,0,fungus,JAW,10,1
14A-2.1,1,4,A,2,1,2010-08-25,848.4,64.2,23.8,TRUE,824.6,1,9,0,0,47,2,7,1,0,0,Immature Nostoc?,JAW,57,3
14A-2.1,1,4,A,2,1,2010-08-25,848.4,64.2,23.8,TRUE,824.6,2,9,0,0,0,0,3,2,0,0,single cells off-grid,JAW,5,2
14A-3.0,1,4,A,3,0,2010-08-25,390.8,29.5,16.7,TRUE,374.1,1,9,0,0,19,3,0,0,0,0,"fungus, mostly immature Nostoc",JAW,22,3
14A-3.0,1,4,A,3,0,2010-08-25,390.8,29.5,16.7,TRUE,374.1,2,9,0,0,8,2,0,0,0,0,fungus,JAW,10,2
14A-3.1,1,4,A,3,1,2010-08-25,553.3,59.8,17.7,TRUE,535.6,1,9,0,0,13,2,0,0,0,0,,JAW,15,2
14A-3.1,1,4,A,3,1,2010-08-25,553.3,59.8,17.7,TRUE,535.6,2,9,0,0,1,0,0,0,0,0,?,JAW,1,0
14A-4.0,1,4,A,4,0,2010-08-25,461.0,31.2,15.0,FALSE,446.0,1,9,0,0,3,0,0,0,0,0,,JAW,3,0
14A-4.0,1,4,A,4,0,2010-08-25,461.0,31.2,15.0,FALSE,446.0,2,9,0,0,7,0,16,0,0,0,?,JAW,23,0
14A-4.1,1,4,A,4,1,2010-08-25,509.6,43.1,17.1,TRUE,492.5,1,9,0,0,3,0,4,1,0,0,,JAW,8,1
14A-4.1,1,4,A,4,1,2010-08-25,509.6,43.1,17.1,TRUE,492.5,2,9,0,0,0,0,67,3,0,0,,JAW,70,3
14C-1.0,1,4,C,1,0,2010-08-26,320.0,40.2,20.7,TRUE,299.3,1,9,0,0,0,0,5,1,0,0,?,JAW,6,1
14C-1.0,1,4,C,1,0,2010-08-26,320.0,40.2,20.7,TRUE,299.3,2,9,0,0,0,0,0,0,0,0,,JAW,0,0
14C-1.1,1,4,C,1,1,2010-08-26,431.2,65.8,16.3,TRUE,414.9,1,9,0,0,0,0,11,1,0,0,? Fungus,JAW,12,1
14C-1.1,1,4,C,1,1,2010-08-26,431.2,65.8,16.3,TRUE,414.9,2,9,0,0,0,0,56,1,0,0,fungus,JAW,57,1
14C-2.0,1,4,C,2,0,2010-08-26,440.7,34.7,11.7,TRUE,429.0,1,9,0,0,0,0,0,0,0,0,,JAW,0,0
14C-2.0,1,4,C,2,0,2010-08-26,440.7,34.7,11.7,TRUE,429.0,2,9,0,0,0,0,0,0,0,0,,JAW,0,0
14C-2.1,1,4,C,2,1,2010-08-26,646.5,52.0,11.3,TRUE,635.2,1,9,0,0,13,2,35,6,0,0,"some fungus, various stages of decay?",JAW,56,8
14C-2.1,1,4,C,2,1,2010-08-26,646.5,52.0,11.3,TRUE,635.2,2,9,0,0,12,2,48,4,0,0,"some fungus, various stages of decay?",JAW,66,6
14C-3.0,1,4,C,3,0,2010-08-26,289.8,38.0,18.6,TRUE,271.2,1,9,0,0,0,0,0,0,0,0,,JAW,0,0
14C-3.0,1,4,C,3,0,2010-08-26,289.8,38.0,18.6,TRUE,271.2,2,9,0,0,0,0,0,0,2,0,,JAW,2,0
14C-3.1,1,4,C,3,1,2010-08-26,595.6,71.6,15.8,TRUE,579.8,1,9,0,0,0,0,0,0,0,0,,JAW,0,0
14C-3.1,1,4,C,3,1,2010-08-26,595.6,71.6,15.8,TRUE,579.8,2,9,0,0,0,0,0,0,0,0,,JAW,0,0
14C-4.0,1,4,C,4,0,2010-08-26,351.2,27.5,14.1,FALSE,337.1,1,9,0,0,0,0,0,0,0,0,,JAW,0,0
14C-4.0,1,4,C,4,0,2010-08-26,351.2,27.5,14.1,FALSE,337.1,2,9,0,0,0,0,0,0,0,0,,JAW,0,0
14C-4.1,1,4,C,4,1,2010-08-26,348.5,39.1,13.4,TRUE,335.1,1,9,0,0,0,0,34,1,0,0,faint,JAW,35,1
14C-4.1,1,4,C,4,1,2010-08-26,348.5,39.1,13.4,TRUE,335.1,2,9,0,0,0,0,3,0,0,0,"faint, more off-grid",JAW,3,0